image,iden_precision_acc,iden_recall_acc,idiv_precision_acc,idiv_recall_acc,random_precision_acc,random_recall_acc
000000000285.jpg,0.0,0.0,0.0,0.0,0.0,0.0
000000000724.jpg,1.0,1.0,0.0,0.0,0.0,0.0
000000000776.jpg,1.0,0.5,0.0,0.0,0.0,0.0
000000000802.jpg,1.0,0.5,1.0,0.5,0.0,0.0
000000001425.jpg,0.0,0.0,0.0,0.0,0.0,0.0
000000001503.jpg,0.0,0.0,0.0,0.0,0.0,0.0
000000001532.jpg,1.0,1.0,0.0,0.0,0.0,0.0
000000001675.jpg,0.0,0.0,1.0,0.5,0.0,0.0
000000001818.jpg,1.0,1.0,0.0,0.0,0.0,0.0
000000001993.jpg,0.3333333333333333,0.3333333333333333,0.0,0.0,0.0,0.0
000000002157.jpg,0.0,0.0,0.0,0.0,0.0,0.0
000000002592.jpg,0.0,0.0,0.0,0.0,0.0,0.0
000000004495.jpg,0.0,0.0,0.0,0.0,0.0,0.0
000000004795.jpg,0.3333333333333333,0.3333333333333333,0.0,0.0,0.0,0.0
000000005477.jpg,1.0,1.0,1.0,1.0,0.0,0.0
000000005503.jpg,1.0,1.0,0.0,0.0,0.0,0.0
000000005600.jpg,0.0,0.0,0.0,0.0,0.0,0.0
000000005992.jpg,0.0,0.0,0.0,0.0,0.0,0.0
000000007108.jpg,1.0,1.0,0.0,0.0,0.0,0.0
000000007386.jpg,0.0,0.0,0.0,0.0,0.0,0.0
000000007784.jpg,1.0,1.0,0.0,0.0,0.0,0.0
000000007795.jpg,1.0,1.0,1.0,1.0,0.0,0.0
000000007818.jpg,0.5,1.0,0.5,1.0,0.0,0.0
000000007991.jpg,0.5,0.5,0.0,0.0,0.0,0.0
000000008629.jpg,0.3333333333333333,1.0,0.0,0.0,0.0,0.0
000000010092.jpg,1.0,0.5,1.0,0.5,0.0,0.0
000000010363.jpg,0.5,0.5,0.0,0.0,0.0,0.0
000000010583.jpg,1.0,1.0,1.0,0.5,0.0,0.0
000000010995.jpg,1.0,1.0,0.0,0.0,0.0,0.0
000000011760.jpg,0.0,0.0,0.0,0.0,0.0,0.0
000000011813.jpg,0.0,0.0,0.0,0.0,0.0,0.0
000000012062.jpg,0.0,0.0,0.0,0.0,0.0,0.0
000000013597.jpg,0.6666666666666666,1.0,1.0,0.5,0.0,0.0
000000013923.jpg,1.0,1.0,1.0,0.5,0.0,0.0
000000014007.jpg,0.0,0.0,0.0,0.0,0.0,0.0
000000014831.jpg,0.0,0.0,0.0,0.0,0.0,0.0
000000014888.jpg,0.0,0.0,0.0,0.0,0.0,0.0
000000015079.jpg,0.25,0.5,0.5,0.5,0.0,0.0
000000015254.jpg,0.25,0.3333333333333333,0.0,0.0,0.0,0.0
000000015272.jpg,0.0,0.0,0.0,0.0,0.0,0.0
000000015497.jpg,0.5,0.5,0.0,0.0,0.0,0.0
000000015746.jpg,1.0,1.0,0.0,0.0,0.0,0.0
000000015751.jpg,0.0,0.0,0.0,0.0,0.0,0.0
000000016439.jpg,0.0,0.0,0.0,0.0,0.0,0.0
000000016958.jpg,0.0,0.0,0.0,0.0,0.0,0.0
000000017029.jpg,1.0,0.5,0.0,0.0,0.0,0.0
000000017031.jpg,1.0,1.0,0.0,0.0,0.0,0.0
000000017115.jpg,1.0,1.0,0.0,0.0,0.0,0.0
000000017178.jpg,0.0,0.0,0.0,0.0,0.0,0.0
000000018575.jpg,1.0,0.6666666666666666,1.0,0.3333333333333333,0.0,0.0
000000018737.jpg,1.0,1.0,0.0,0.0,0.0,0.0
000000018833.jpg,1.0,1.0,0.0,0.0,0.0,0.0
000000019742.jpg,0.0,0.0,0.0,0.0,0.0,0.0
000000020059.jpg,1.0,1.0,1.0,1.0,0.0,0.0
000000020107.jpg,0.0,0.0,0.0,0.0,0.0,0.0
000000020247.jpg,1.0,1.0,0.0,0.0,0.0,0.0
000000020553.jpg,0.0,0.0,0.0,0.0,0.0,0.0
000000021465.jpg,0.0,0.0,0.0,0.0,0.0,0.0
000000022192.jpg,1.0,0.3333333333333333,0.0,0.0,0.0,0.0
000000022396.jpg,1.0,1.0,0.0,0.0,1.0,1.0
000000022589.jpg,0.0,0.0,0.0,0.0,0.0,0.0
000000022623.jpg,0.0,0.0,0.0,0.0,0.0,0.0
000000022755.jpg,0.0,0.0,0.0,0.0,0.0,0.0
000000022892.jpg,0.0,0.0,1.0,0.2,0.0,0.0
000000023023.jpg,0.0,0.0,0.0,0.0,0.0,0.0
000000023272.jpg,0.0,0.0,0.0,0.0,0.0,0.0
000000024144.jpg,0.0,0.0,0.5,1.0,0.0,0.0
000000024610.jpg,0.5,0.5,1.0,1.0,0.0,0.0
000000024919.jpg,0.5,1.0,0.0,0.0,0.0,0.0
000000025139.jpg,1.0,1.0,0.5,1.0,0.0,0.0
000000026564.jpg,1.0,1.0,1.0,1.0,0.0,0.0
000000026926.jpg,1.0,1.0,0.0,0.0,0.0,0.0
000000027620.jpg,0.0,0.0,0.0,0.0,0.0,0.0
000000027932.jpg,0.0,0.0,0.0,0.0,0.0,0.0
000000028449.jpg,1.0,1.0,1.0,1.0,0.0,0.0
000000028452.jpg,0.0,0.0,0.0,0.0,0.0,0.0
000000029596.jpg,1.0,1.0,1.0,1.0,0.0,0.0
000000029675.jpg,0.0,0.0,0.0,0.0,0.0,0.0
000000030494.jpg,0.0,0.0,0.0,0.0,0.0,0.0
000000031050.jpg,0.0,0.0,0.0,0.0,0.0,0.0
000000031248.jpg,0.0,0.0,0.0,0.0,0.0,0.0
000000031269.jpg,1.0,1.0,0.0,0.0,0.0,0.0
000000031735.jpg,1.0,0.5,0.5,0.5,0.0,0.0
000000031749.jpg,0.0,0.0,0.0,0.0,0.0,0.0
000000032610.jpg,0.0,0.0,0.0,0.0,0.0,0.0
000000033109.jpg,0.0,0.0,0.0,0.0,0.0,0.0
000000033114.jpg,0.0,0.0,0.0,0.0,0.0,0.0
000000033707.jpg,0.0,0.0,1.0,1.0,0.0,0.0
000000034071.jpg,0.0,0.0,0.0,0.0,0.0,0.0
000000035326.jpg,1.0,1.0,0.0,0.0,0.0,0.0
000000035963.jpg,0.0,0.0,0.0,0.0,0.0,0.0
000000036678.jpg,0.0,0.0,0.0,0.0,0.0,0.0
000000036844.jpg,1.0,0.5,1.0,0.5,0.0,0.0
000000038070.jpg,1.0,1.0,1.0,1.0,0.0,0.0
000000038576.jpg,0.0,0.0,0.6666666666666666,1.0,0.0,0.0
000000038825.jpg,1.0,1.0,1.0,1.0,0.0,0.0
000000039477.jpg,0.0,0.0,0.0,0.0,0.0,0.0
000000039769.jpg,1.0,0.3333333333333333,0.0,0.0,0.0,0.0
000000039956.jpg,0.0,0.0,0.0,0.0,0.0,0.0
000000041633.jpg,0.0,0.0,0.0,0.0,0.0,0.0
000000041635.jpg,0.0,0.0,0.0,0.0,0.0,0.0
000000041872.jpg,1.0,1.0,0.0,0.0,0.0,0.0
000000042276.jpg,0.0,0.0,0.0,0.0,0.0,0.0
000000042296.jpg,1.0,1.0,0.0,0.0,0.0,0.0
000000042889.jpg,0.0,0.0,0.0,0.0,0.0,0.0
000000043581.jpg,1.0,1.0,1.0,0.5,0.0,0.0
000000044068.jpg,0.0,0.0,0.0,0.0,0.0,0.0
000000045728.jpg,0.0,0.0,0.0,0.0,0.0,0.0
000000046031.jpg,0.0,0.0,0.0,0.0,0.0,0.0
000000046378.jpg,0.0,0.0,0.0,0.0,0.0,0.0
000000046804.jpg,0.0,0.0,0.0,0.0,0.0,0.0
000000047769.jpg,0.5,0.5,0.5,0.5,0.0,0.0
000000048924.jpg,0.0,0.0,0.0,0.0,0.0,0.0
000000049269.jpg,0.5,0.5,0.0,0.0,0.0,0.0
000000049810.jpg,0.0,0.0,0.0,0.0,0.0,0.0
000000050828.jpg,1.0,0.5,0.0,0.0,0.0,0.0
000000050844.jpg,0.0,0.0,0.0,0.0,0.0,0.0
000000051008.jpg,1.0,1.0,0.0,0.0,0.0,0.0
000000051309.jpg,0.0,0.0,0.0,0.0,0.0,0.0
000000051326.jpg,0.0,0.0,0.0,0.0,0.0,0.0
000000051738.jpg,0.0,0.0,1.0,1.0,0.0,0.0
000000052462.jpg,1.0,1.0,0.0,0.0,0.0,0.0
000000052565.jpg,1.0,1.0,0.0,0.0,0.0,0.0
000000053994.jpg,0.0,0.0,0.0,0.0,0.0,0.0
000000054123.jpg,1.0,1.0,1.0,1.0,0.0,0.0
000000055072.jpg,0.0,0.0,1.0,1.0,0.0,0.0
000000056288.jpg,0.0,0.0,0.0,0.0,0.0,0.0
000000056344.jpg,0.0,0.0,0.0,0.0,0.0,0.0
000000056545.jpg,1.0,1.0,0.0,0.0,0.0,0.0
000000057027.jpg,1.0,1.0,0.0,0.0,0.0,0.0
000000057238.jpg,1.0,0.5,1.0,0.5,0.0,0.0
000000058111.jpg,1.0,1.0,0.0,0.0,0.0,0.0
000000059386.jpg,1.0,1.0,0.0,0.0,0.0,0.0
000000059920.jpg,0.0,0.0,0.0,0.0,0.0,0.0
000000060449.jpg,0.0,0.0,0.0,0.0,0.0,0.0
000000060770.jpg,1.0,1.0,1.0,1.0,0.0,0.0
000000060835.jpg,1.0,0.3333333333333333,0.0,0.0,0.0,0.0
000000061108.jpg,0.0,0.0,0.0,0.0,0.0,0.0
000000061471.jpg,1.0,0.5,0.0,0.0,0.0,0.0
000000063552.jpg,0.0,0.0,0.0,0.0,0.0,0.0
000000063602.jpg,0.0,0.0,0.0,0.0,0.0,0.0
000000064359.jpg,1.0,0.5,0.0,0.0,0.0,0.0
000000064495.jpg,0.0,0.0,0.0,0.0,0.0,0.0
000000064499.jpg,1.0,1.0,1.0,1.0,0.0,0.0
000000065074.jpg,0.0,0.0,0.0,0.0,0.0,0.0
000000065485.jpg,0.0,0.0,0.0,0.0,0.0,0.0
000000066523.jpg,0.0,0.0,0.0,0.0,0.0,0.0
000000066561.jpg,1.0,1.0,0.0,0.0,0.0,0.0
000000066635.jpg,1.0,0.5,1.0,0.5,0.0,0.0
000000066817.jpg,0.5,0.3333333333333333,0.5,0.3333333333333333,0.0,0.0
000000066841.jpg,0.0,0.0,0.0,0.0,0.0,0.0
000000066926.jpg,0.0,0.0,0.0,0.0,0.0,0.0
000000067896.jpg,0.0,0.0,0.0,0.0,0.0,0.0
000000068286.jpg,1.0,1.0,0.0,0.0,0.0,0.0
000000068765.jpg,0.25,0.5,0.0,0.0,0.0,0.0
000000068933.jpg,1.0,1.0,1.0,1.0,0.0,0.0
000000069106.jpg,1.0,1.0,0.0,0.0,0.0,0.0
000000069138.jpg,0.0,0.0,0.0,0.0,0.0,0.0
000000069795.jpg,0.5,1.0,0.0,0.0,0.0,0.0
000000070158.jpg,1.0,1.0,1.0,1.0,0.0,0.0
000000070774.jpg,0.0,0.0,0.0,0.0,0.0,0.0
000000071226.jpg,0.0,0.0,0.0,0.0,0.0,0.0
000000071451.jpg,0.0,0.0,1.0,1.0,0.0,0.0
000000071756.jpg,1.0,1.0,0.0,0.0,0.0,0.0
000000072813.jpg,0.5,0.3333333333333333,0.0,0.0,0.0,0.0
000000073118.jpg,0.0,0.0,0.0,0.0,0.0,0.0
000000073326.jpg,0.0,0.0,0.0,0.0,0.0,0.0
000000075393.jpg,0.0,0.0,0.0,0.0,0.0,0.0
000000075456.jpg,0.5,1.0,0.0,0.0,0.0,0.0
000000076417.jpg,1.0,0.6666666666666666,0.0,0.0,0.0,0.0
000000076731.jpg,0.0,0.0,0.0,0.0,0.0,0.0
000000077396.jpg,0.0,0.0,1.0,0.3333333333333333,0.0,0.0
000000077595.jpg,0.0,0.0,0.0,0.0,0.0,0.0
000000078420.jpg,0.25,0.3333333333333333,0.0,0.0,0.0,0.0
000000078426.jpg,1.0,0.5,0.0,0.0,0.0,0.0
000000078823.jpg,1.0,0.5,0.0,0.0,0.0,0.0
000000079034.jpg,1.0,1.0,0.0,0.0,0.0,0.0
000000079188.jpg,1.0,1.0,1.0,1.0,0.0,0.0
000000079408.jpg,1.0,1.0,0.0,0.0,0.0,0.0
000000079565.jpg,1.0,1.0,0.0,0.0,0.0,0.0
000000080057.jpg,0.0,0.0,0.0,0.0,0.0,0.0
000000080274.jpg,1.0,1.0,0.0,0.0,0.0,0.0
000000080413.jpg,0.0,0.0,0.0,0.0,0.0,0.0
000000080666.jpg,0.0,0.0,0.0,0.0,0.0,0.0
000000080949.jpg,1.0,1.0,0.0,0.0,0.0,0.0
000000081061.jpg,0.0,0.0,0.0,0.0,0.0,0.0
000000081766.jpg,0.0,0.0,0.0,0.0,0.0,0.0
000000082180.jpg,0.0,0.0,0.0,0.0,0.0,0.0
000000082765.jpg,0.0,0.0,1.0,0.5,0.0,0.0
000000082807.jpg,0.0,0.0,1.0,0.3333333333333333,0.0,0.0
000000082846.jpg,1.0,1.0,0.0,0.0,0.0,0.0
000000083113.jpg,0.0,0.0,0.0,0.0,0.0,0.0
000000084431.jpg,1.0,0.5,0.5,0.5,0.0,0.0
000000084650.jpg,0.0,0.0,0.0,0.0,0.0,0.0
000000084664.jpg,1.0,0.5,1.0,0.5,0.0,0.0
000000084752.jpg,0.5,1.0,0.0,0.0,0.0,0.0
000000085195.jpg,0.0,0.0,0.0,0.0,0.0,0.0
000000085478.jpg,0.0,0.0,0.0,0.0,0.0,0.0
000000085576.jpg,0.0,0.0,0.0,0.0,0.0,0.0
000000085665.jpg,0.0,0.0,0.0,0.0,0.0,0.0
000000085823.jpg,0.0,0.0,1.0,1.0,0.0,0.0
000000085911.jpg,0.0,0.0,0.0,0.0,0.0,0.0
000000087875.jpg,0.5,1.0,0.0,0.0,0.0,0.0
000000088040.jpg,0.3333333333333333,1.0,1.0,1.0,0.0,0.0
000000088250.jpg,1.0,1.0,0.0,0.0,0.0,0.0
000000088265.jpg,0.0,0.0,0.0,0.0,0.0,0.0
000000088269.jpg,1.0,0.3333333333333333,0.0,0.0,0.0,0.0
000000088432.jpg,0.0,0.0,0.0,0.0,0.0,0.0
000000088462.jpg,0.0,0.0,0.0,0.0,0.0,0.0
000000089045.jpg,0.0,0.0,0.0,0.0,0.0,0.0
000000089271.jpg,0.0,0.0,0.0,0.0,0.0,0.0
000000089556.jpg,0.0,0.0,0.0,0.0,0.0,0.0
000000089670.jpg,0.0,0.0,0.0,0.0,0.0,0.0
000000089761.jpg,0.0,0.0,0.0,0.0,0.0,0.0
000000089880.jpg,0.0,0.0,0.0,0.0,0.0,0.0
000000090003.jpg,1.0,1.0,0.0,0.0,0.0,0.0
000000090062.jpg,0.0,0.0,0.0,0.0,0.0,0.0
000000090208.jpg,0.5,1.0,0.0,0.0,0.0,0.0
000000090631.jpg,1.0,1.0,1.0,1.0,0.0,0.0
000000091654.jpg,0.0,0.0,0.5,0.3333333333333333,0.0,0.0
000000091779.jpg,0.0,0.0,1.0,0.3333333333333333,0.0,0.0
000000091921.jpg,1.0,1.0,0.0,0.0,0.0,0.0
000000092177.jpg,0.3333333333333333,1.0,0.0,0.0,0.0,0.0
000000092839.jpg,1.0,1.0,0.0,0.0,0.0,0.0
000000093965.jpg,1.0,1.0,1.0,1.0,0.0,0.0
000000094852.jpg,1.0,1.0,1.0,1.0,0.0,0.0
000000095707.jpg,0.0,0.0,1.0,0.3333333333333333,0.0,0.0
000000095786.jpg,0.0,0.0,0.0,0.0,0.0,0.0
000000095843.jpg,1.0,1.0,0.0,0.0,0.0,0.0
000000095899.jpg,1.0,1.0,0.0,0.0,0.0,0.0
000000096001.jpg,0.0,0.0,0.0,0.0,0.0,0.0
000000096549.jpg,0.0,0.0,1.0,1.0,0.0,0.0
000000096960.jpg,0.5,1.0,0.0,0.0,0.0,0.0
000000097230.jpg,1.0,1.0,0.0,0.0,0.0,0.0
000000097994.jpg,0.0,0.0,0.0,0.0,0.0,0.0
000000098261.jpg,0.0,0.0,0.0,0.0,0.0,0.0
000000098520.jpg,1.0,1.0,1.0,1.0,0.0,0.0
000000098633.jpg,0.0,0.0,0.0,0.0,0.0,0.0
000000098839.jpg,0.0,0.0,0.0,0.0,0.0,0.0
000000099428.jpg,0.0,0.0,0.0,0.0,0.0,0.0
000000100283.jpg,0.5,1.0,0.0,0.0,0.0,0.0
000000100489.jpg,1.0,1.0,0.0,0.0,0.0,0.0
000000100582.jpg,0.0,0.0,1.0,1.0,0.0,0.0
000000101420.jpg,0.0,0.0,0.0,0.0,0.0,0.0
000000101762.jpg,0.0,0.0,0.0,0.0,0.0,0.0
000000101780.jpg,1.0,1.0,0.0,0.0,0.0,0.0
000000102644.jpg,1.0,1.0,0.0,0.0,0.0,0.0
000000102707.jpg,0.0,0.0,0.0,0.0,0.0,0.0
000000104119.jpg,0.0,0.0,0.0,0.0,0.0,0.0
000000104198.jpg,1.0,1.0,0.0,0.0,0.0,0.0
000000104455.jpg,1.0,1.0,0.0,0.0,0.0,0.0
000000104619.jpg,0.0,0.0,0.0,0.0,0.0,0.0
000000104782.jpg,1.0,1.0,0.0,0.0,0.0,0.0
000000104803.jpg,1.0,1.0,1.0,1.0,0.0,0.0
000000106048.jpg,1.0,1.0,0.0,0.0,0.0,0.0
000000106235.jpg,1.0,0.6666666666666666,0.0,0.0,0.0,0.0
000000106266.jpg,0.3333333333333333,1.0,0.5,1.0,0.0,0.0
000000106330.jpg,0.0,0.0,0.0,0.0,0.0,0.0
000000106389.jpg,0.0,0.0,1.0,0.3333333333333333,0.0,0.0
000000107087.jpg,0.0,0.0,0.0,0.0,0.0,0.0
000000107554.jpg,0.0,0.0,0.0,0.0,0.0,0.0
000000108244.jpg,0.0,0.0,0.0,0.0,0.0,0.0
000000108864.jpg,1.0,1.0,1.0,1.0,0.0,0.0
000000109055.jpg,1.0,0.5,0.0,0.0,0.0,0.0
000000109798.jpg,0.0,0.0,0.0,0.0,0.0,0.0
000000109827.jpg,0.0,0.0,0.0,0.0,0.0,0.0
000000109916.jpg,0.0,0.0,0.0,0.0,0.0,0.0
000000109976.jpg,0.0,0.0,0.0,0.0,0.0,0.0
000000110211.jpg,1.0,1.0,1.0,1.0,0.0,0.0
000000110359.jpg,1.0,1.0,0.0,0.0,0.0,0.0
000000110638.jpg,1.0,1.0,0.0,0.0,0.0,0.0
000000110972.jpg,1.0,1.0,0.0,0.0,0.0,0.0
000000111036.jpg,0.5,0.5,0.0,0.0,0.0,0.0
000000112626.jpg,1.0,0.5,0.0,0.0,0.0,0.0
000000112634.jpg,1.0,1.0,1.0,1.0,0.0,0.0
000000112798.jpg,0.3333333333333333,0.5,0.0,0.0,0.0,0.0
000000113051.jpg,0.0,0.0,0.0,0.0,0.0,0.0
000000113354.jpg,1.0,1.0,0.0,0.0,0.0,0.0
000000113403.jpg,0.0,0.0,0.0,0.0,0.0,0.0
000000114770.jpg,0.0,0.0,0.0,0.0,0.0,0.0
000000115885.jpg,1.0,0.3333333333333333,1.0,0.3333333333333333,0.0,0.0
000000116206.jpg,1.0,0.3333333333333333,0.0,0.0,0.0,0.0
000000116479.jpg,0.0,0.0,0.0,0.0,0.0,0.0
000000116589.jpg,0.0,0.0,0.0,0.0,0.0,0.0
000000116825.jpg,0.5,0.3333333333333333,0.0,0.0,0.0,0.0
000000118209.jpg,1.0,1.0,0.0,0.0,0.0,0.0
000000118515.jpg,0.0,0.0,0.0,0.0,0.0,0.0
000000118594.jpg,1.0,1.0,0.0,0.0,0.0,0.0
000000119233.jpg,1.0,0.5,0.0,0.0,0.0,0.0
000000119677.jpg,0.0,0.0,0.0,0.0,0.0,0.0
000000119828.jpg,1.0,1.0,0.0,0.0,0.0,0.0
000000120777.jpg,0.0,0.0,0.0,0.0,0.0,0.0
000000120853.jpg,0.0,0.0,1.0,0.25,0.0,0.0
000000121506.jpg,0.0,0.0,0.0,0.0,0.0,0.0
000000122745.jpg,1.0,1.0,1.0,1.0,0.0,0.0
000000122927.jpg,1.0,1.0,0.0,0.0,0.0,0.0
000000122969.jpg,1.0,1.0,0.0,0.0,0.0,0.0
000000123131.jpg,1.0,1.0,0.0,0.0,0.0,0.0
000000123585.jpg,0.5,1.0,0.0,0.0,0.0,0.0
000000124636.jpg,0.0,0.0,0.0,0.0,0.0,0.0
000000124975.jpg,1.0,1.0,1.0,1.0,0.0,0.0
000000125211.jpg,1.0,1.0,1.0,1.0,0.0,0.0
000000125405.jpg,1.0,1.0,0.0,0.0,0.0,0.0
000000125778.jpg,0.0,0.0,1.0,0.5,0.0,0.0
000000125806.jpg,0.0,0.0,0.0,0.0,0.0,0.0
000000125850.jpg,0.5,0.5,0.0,0.0,0.0,0.0
000000125952.jpg,0.0,0.0,0.0,0.0,0.0,0.0
000000126592.jpg,1.0,1.0,1.0,1.0,0.0,0.0
000000127476.jpg,0.5,1.0,0.0,0.0,0.0,0.0
000000127494.jpg,0.0,0.0,0.0,0.0,0.0,0.0
000000127955.jpg,1.0,1.0,0.0,0.0,0.0,0.0
000000127987.jpg,0.0,0.0,0.0,0.0,0.0,0.0
000000128051.jpg,0.0,0.0,0.0,0.0,0.0,0.0
000000129113.jpg,0.0,0.0,0.0,0.0,0.0,0.0
000000130613.jpg,0.5,1.0,0.0,0.0,0.0,0.0
000000131131.jpg,0.0,0.0,0.0,0.0,0.0,0.0
000000131273.jpg,0.0,0.0,0.0,0.0,0.0,0.0
000000131379.jpg,0.0,0.0,0.0,0.0,0.0,0.0
000000131386.jpg,1.0,1.0,1.0,1.0,0.0,0.0
000000132329.jpg,0.0,0.0,0.0,0.0,0.0,0.0
000000132622.jpg,0.5,1.0,0.0,0.0,0.0,0.0
000000133631.jpg,1.0,1.0,0.0,0.0,0.0,0.0
000000133778.jpg,1.0,1.0,0.0,0.0,0.0,0.0
000000134112.jpg,0.3333333333333333,0.3333333333333333,0.0,0.0,0.0,0.0
000000134689.jpg,1.0,1.0,0.0,0.0,0.0,0.0
000000135670.jpg,0.0,0.0,0.0,0.0,0.0,0.0
000000135872.jpg,0.0,0.0,0.0,0.0,0.0,0.0
000000136466.jpg,1.0,1.0,0.0,0.0,0.0,0.0
000000136600.jpg,1.0,1.0,0.0,0.0,0.0,0.0
000000137576.jpg,0.0,0.0,0.0,0.0,0.0,0.0
000000137950.jpg,1.0,1.0,1.0,1.0,0.0,0.0
000000138241.jpg,0.0,0.0,1.0,0.5,0.0,0.0
000000138492.jpg,0.5,1.0,0.0,0.0,0.0,0.0
000000138550.jpg,0.0,0.0,0.0,0.0,0.0,0.0
000000138856.jpg,0.0,0.0,0.0,0.0,0.0,0.0
000000139684.jpg,1.0,0.5,1.0,1.0,0.0,0.0
000000139871.jpg,1.0,1.0,1.0,1.0,0.0,0.0
000000140076.jpg,0.0,0.0,0.0,0.0,0.0,0.0
000000140439.jpg,0.6666666666666666,1.0,1.0,1.0,0.0,0.0
000000140929.jpg,0.0,0.0,0.0,0.0,0.0,0.0
000000141597.jpg,0.0,0.0,0.0,0.0,0.0,0.0
000000142092.jpg,1.0,1.0,0.5,1.0,0.0,0.0
000000144798.jpg,1.0,1.0,0.0,0.0,0.0,0.0
000000145591.jpg,0.0,0.0,0.0,0.0,0.0,0.0
000000145781.jpg,0.0,0.0,0.0,0.0,0.0,0.0
000000146363.jpg,0.0,0.0,0.0,0.0,0.0,0.0
000000146489.jpg,0.0,0.0,0.0,0.0,0.0,0.0
000000147205.jpg,0.0,0.0,1.0,1.0,0.0,0.0
000000147223.jpg,0.0,0.0,0.0,0.0,0.0,0.0
000000147338.jpg,1.0,0.6666666666666666,0.0,0.0,0.0,0.0
000000147745.jpg,0.5,1.0,1.0,1.0,0.0,0.0
000000148620.jpg,1.0,0.5,1.0,0.5,0.0,0.0
000000148730.jpg,1.0,1.0,0.0,0.0,0.0,0.0
000000148783.jpg,1.0,1.0,0.0,0.0,0.0,0.0
000000149406.jpg,1.0,1.0,0.0,0.0,0.0,0.0
000000149622.jpg,1.0,1.0,1.0,1.0,0.0,0.0
000000150726.jpg,1.0,1.0,0.0,0.0,0.0,0.0
000000150930.jpg,0.0,0.0,0.0,0.0,0.0,0.0
000000151516.jpg,0.0,0.0,0.0,0.0,0.0,0.0
000000151662.jpg,0.0,0.0,0.0,0.0,0.0,0.0
000000152465.jpg,0.0,0.0,0.0,0.0,0.0,0.0
000000152870.jpg,1.0,1.0,1.0,1.0,0.0,0.0
000000153217.jpg,1.0,0.5,0.0,0.0,0.0,0.0
000000153299.jpg,1.0,1.0,0.0,0.0,0.0,0.0
000000153343.jpg,0.0,0.0,0.0,0.0,0.0,0.0
000000153568.jpg,0.0,0.0,0.0,0.0,0.0,0.0
000000153632.jpg,0.3333333333333333,0.5,1.0,0.5,0.0,0.0
000000154000.jpg,1.0,1.0,1.0,1.0,0.0,0.0
000000154213.jpg,0.0,0.0,0.0,0.0,0.0,0.0
000000154339.jpg,0.0,0.0,0.0,0.0,0.0,0.0
000000154431.jpg,0.0,0.0,0.0,0.0,0.0,0.0
000000154947.jpg,1.0,1.0,0.0,0.0,0.0,0.0
000000155051.jpg,0.5,1.0,0.0,0.0,0.0,0.0
000000155179.jpg,1.0,0.5,1.0,0.5,0.0,0.0
000000155291.jpg,1.0,1.0,0.0,0.0,0.0,0.0
000000155571.jpg,1.0,1.0,0.0,0.0,0.0,0.0
000000156372.jpg,0.0,0.0,0.0,0.0,0.0,0.0
000000157098.jpg,1.0,1.0,1.0,1.0,0.0,0.0
000000157138.jpg,0.0,0.0,0.0,0.0,0.0,0.0
000000157213.jpg,1.0,1.0,0.0,0.0,0.0,0.0
000000157418.jpg,0.0,0.0,0.3333333333333333,0.25,0.0,0.0
000000159112.jpg,1.0,1.0,0.0,0.0,0.0,0.0
000000159282.jpg,0.0,0.0,0.0,0.0,0.0,0.0
000000159311.jpg,1.0,1.0,1.0,1.0,0.0,0.0
000000159458.jpg,0.0,0.0,0.0,0.0,0.0,0.0
000000159977.jpg,1.0,1.0,1.0,1.0,0.0,0.0
000000160666.jpg,1.0,1.0,0.0,0.0,0.0,0.0
000000161008.jpg,0.0,0.0,0.0,0.0,0.0,0.0
000000161642.jpg,0.0,0.0,0.0,0.0,0.0,0.0
000000162130.jpg,0.0,0.0,0.0,0.0,0.0,0.0
000000162366.jpg,0.0,0.0,0.0,0.0,0.0,0.0
000000163155.jpg,1.0,1.0,0.0,0.0,0.0,0.0
000000163290.jpg,0.0,0.0,0.0,0.0,0.0,0.0
000000163611.jpg,0.6666666666666666,0.6666666666666666,1.0,0.3333333333333333,0.0,0.0
000000164115.jpg,0.0,0.0,0.0,0.0,0.0,0.0
000000164363.jpg,0.0,0.0,0.0,0.0,0.0,0.0
000000164969.jpg,0.5,1.0,0.0,0.0,0.0,0.0
000000165336.jpg,0.0,0.0,1.0,1.0,0.0,0.0
000000165713.jpg,1.0,1.0,0.0,0.0,0.0,0.0
000000166166.jpg,0.0,0.0,0.0,0.0,0.0,0.0
000000166259.jpg,0.0,0.0,0.0,0.0,0.0,0.0
000000166277.jpg,0.3333333333333333,0.5,0.0,0.0,0.0,0.0
000000166426.jpg,0.5,1.0,1.0,0.5,0.0,0.0
000000166521.jpg,0.0,0.0,0.0,0.0,0.0,0.0
000000166563.jpg,0.0,0.0,0.0,0.0,0.0,0.0
000000166642.jpg,1.0,1.0,0.0,0.0,0.0,0.0
000000166664.jpg,0.0,0.0,0.0,0.0,0.0,0.0
000000167128.jpg,1.0,1.0,0.0,0.0,0.0,0.0
000000167159.jpg,0.0,0.0,0.0,0.0,0.0,0.0
000000167240.jpg,0.0,0.0,0.0,0.0,0.0,0.0
000000167353.jpg,0.0,0.0,0.0,0.0,0.0,0.0
000000167540.jpg,1.0,1.0,1.0,1.0,0.0,0.0
000000167902.jpg,0.0,0.0,0.0,0.0,0.0,0.0
000000168593.jpg,1.0,0.5,0.0,0.0,0.0,0.0
000000170278.jpg,0.5,0.5,0.0,0.0,0.0,0.0
000000170595.jpg,0.0,0.0,0.0,0.0,0.0,0.0
000000170670.jpg,0.0,0.0,1.0,0.3333333333333333,0.0,0.0
000000170739.jpg,0.5,1.0,0.0,0.0,0.0,0.0
000000170893.jpg,0.0,0.0,1.0,0.5,0.0,0.0
000000171050.jpg,0.0,0.0,0.0,0.0,0.0,0.0
000000171298.jpg,0.0,0.0,0.0,0.0,0.0,0.0
000000171740.jpg,0.0,0.0,0.0,0.0,0.0,0.0
000000172330.jpg,0.0,0.0,0.0,0.0,0.0,0.0
000000172396.jpg,1.0,1.0,0.0,0.0,0.0,0.0
000000172595.jpg,0.0,0.0,0.0,0.0,0.0,0.0
000000172856.jpg,0.0,0.0,0.0,0.0,0.0,0.0
000000172977.jpg,1.0,1.0,0.0,0.0,0.0,0.0
000000173004.jpg,0.0,0.0,0.0,0.0,0.0,0.0
000000173033.jpg,0.0,0.0,0.0,0.0,0.0,0.0
000000173371.jpg,0.5,0.3333333333333333,1.0,0.3333333333333333,0.0,0.0
000000173383.jpg,1.0,0.3333333333333333,0.0,0.0,0.0,0.0
000000174004.jpg,0.0,0.0,0.0,0.0,0.0,0.0
000000174018.jpg,0.5,1.0,0.0,0.0,0.0,0.0
000000174231.jpg,0.0,0.0,0.0,0.0,0.0,0.0
000000174482.jpg,0.0,0.0,0.0,0.0,0.0,0.0
000000175387.jpg,0.0,0.0,0.0,0.0,0.0,0.0
000000175443.jpg,0.0,0.0,0.0,0.0,0.0,0.0
000000175535.jpg,1.0,0.3333333333333333,0.0,0.0,0.0,0.0
000000176232.jpg,0.3333333333333333,1.0,0.5,1.0,0.0,0.0
000000176446.jpg,0.0,0.0,0.0,0.0,0.0,0.0
000000176634.jpg,1.0,1.0,0.0,0.0,0.0,0.0
000000176778.jpg,1.0,0.5,0.0,0.0,0.0,0.0
000000176847.jpg,0.0,0.0,0.0,0.0,0.0,0.0
000000177893.jpg,0.0,0.0,0.0,0.0,0.0,0.0
000000177935.jpg,1.0,1.0,0.0,0.0,0.0,0.0
000000178469.jpg,0.6666666666666666,1.0,0.5,0.5,0.0,0.0
000000178618.jpg,1.0,1.0,0.0,0.0,0.0,0.0
000000179214.jpg,0.5,1.0,0.0,0.0,0.0,0.0
000000179285.jpg,0.0,0.0,0.0,0.0,0.0,0.0
000000179392.jpg,0.0,0.0,0.0,0.0,0.0,0.0
000000179765.jpg,1.0,1.0,0.0,0.0,0.0,0.0
000000180296.jpg,1.0,0.3333333333333333,0.0,0.0,0.0,0.0
000000180792.jpg,0.0,0.0,0.0,0.0,0.0,0.0
000000180798.jpg,0.0,0.0,0.0,0.0,0.0,0.0
000000180878.jpg,0.0,0.0,0.0,0.0,0.0,0.0
000000181753.jpg,1.0,0.3333333333333333,1.0,0.6666666666666666,0.0,0.0
000000181796.jpg,0.0,0.0,1.0,0.3333333333333333,0.0,0.0
000000181969.jpg,0.0,0.0,0.0,0.0,0.0,0.0
000000182162.jpg,0.0,0.0,0.0,0.0,0.0,0.0
000000182202.jpg,0.0,0.0,1.0,0.25,0.0,0.0
000000182417.jpg,0.5,0.25,1.0,0.25,0.0,0.0
000000183104.jpg,1.0,1.0,0.0,0.0,0.0,0.0
000000183965.jpg,0.5,0.3333333333333333,1.0,0.3333333333333333,0.0,0.0
000000184338.jpg,0.0,0.0,0.0,0.0,0.0,0.0
000000184762.jpg,0.0,0.0,0.0,0.0,0.0,0.0
000000185157.jpg,0.0,0.0,0.0,0.0,0.0,0.0
000000185409.jpg,1.0,1.0,1.0,1.0,0.0,0.0
000000186282.jpg,1.0,1.0,1.0,1.0,0.0,0.0
000000186296.jpg,0.3333333333333333,1.0,0.0,0.0,0.0,0.0
000000186422.jpg,0.0,0.0,0.0,0.0,0.0,0.0
000000186637.jpg,1.0,1.0,1.0,1.0,0.0,0.0
000000186938.jpg,0.0,0.0,0.0,0.0,0.0,0.0
000000187236.jpg,1.0,0.5,0.3333333333333333,0.5,0.0,0.0
000000187271.jpg,1.0,1.0,1.0,1.0,0.0,0.0
000000188689.jpg,0.0,0.0,0.0,0.0,0.0,0.0
000000189213.jpg,0.0,0.0,0.0,0.0,0.0,0.0
000000189226.jpg,0.0,0.0,0.0,0.0,0.0,0.0
000000189451.jpg,0.0,0.0,0.0,0.0,0.0,0.0
000000189698.jpg,0.0,0.0,0.0,0.0,0.0,0.0
000000189806.jpg,0.0,0.0,0.0,0.0,0.0,0.0
000000189820.jpg,0.5,1.0,0.0,0.0,0.0,0.0
000000190648.jpg,1.0,1.0,1.0,1.0,0.0,0.0
000000191471.jpg,1.0,1.0,1.0,1.0,0.0,0.0
000000192191.jpg,1.0,1.0,0.0,0.0,0.0,0.0
000000192904.jpg,0.0,0.0,0.0,0.0,0.0,0.0
000000193494.jpg,0.0,0.0,0.0,0.0,0.0,0.0
000000194506.jpg,1.0,1.0,0.0,0.0,0.0,0.0
000000194746.jpg,0.0,0.0,0.0,0.0,0.0,0.0
000000195754.jpg,1.0,0.5,1.0,1.0,0.0,0.0
000000195918.jpg,0.5,1.0,1.0,1.0,0.0,0.0
000000196009.jpg,0.0,0.0,0.0,0.0,0.0,0.0
000000196185.jpg,1.0,1.0,1.0,1.0,0.0,0.0
000000196754.jpg,0.0,0.0,0.0,0.0,0.0,0.0
000000196759.jpg,0.5,1.0,0.0,0.0,0.0,0.0
000000196843.jpg,1.0,1.0,0.0,0.0,0.0,0.0
000000197004.jpg,1.0,0.5,0.3333333333333333,0.5,0.0,0.0
000000197022.jpg,1.0,1.0,0.0,0.0,0.0,0.0
000000197528.jpg,0.0,0.0,0.0,0.0,0.0,0.0
000000198641.jpg,1.0,0.5,1.0,0.25,0.0,0.0
000000198805.jpg,0.0,0.0,0.0,0.0,0.0,0.0
000000198960.jpg,0.0,0.0,0.0,0.0,0.0,0.0
000000199681.jpg,0.5,0.5,0.0,0.0,0.0,0.0
000000199977.jpg,1.0,1.0,0.0,0.0,0.0,0.0
000000200252.jpg,0.0,0.0,1.0,1.0,0.0,0.0
000000200667.jpg,0.0,0.0,0.0,0.0,0.0,0.0
000000201025.jpg,0.0,0.0,1.0,1.0,0.0,0.0
000000201676.jpg,1.0,1.0,0.5,1.0,0.0,0.0
000000201934.jpg,0.0,0.0,0.0,0.0,0.0,0.0
000000202445.jpg,0.5,0.5,0.0,0.0,0.0,0.0
000000203317.jpg,0.0,0.0,0.0,0.0,0.0,0.0
000000203488.jpg,0.0,0.0,0.0,0.0,0.0,0.0
000000203546.jpg,1.0,1.0,0.0,0.0,0.0,0.0
000000203580.jpg,0.0,0.0,0.0,0.0,0.0,0.0
000000205282.jpg,1.0,1.0,1.0,1.0,0.0,0.0
000000205514.jpg,0.6666666666666666,1.0,0.0,0.0,0.0,0.0
000000205542.jpg,0.0,0.0,0.0,0.0,0.0,0.0
000000205647.jpg,0.0,0.0,0.0,0.0,0.0,0.0
000000205776.jpg,0.0,0.0,0.0,0.0,0.0,0.0
000000205834.jpg,0.6666666666666666,1.0,0.0,0.0,0.0,0.0
000000206135.jpg,1.0,1.0,0.0,0.0,0.0,0.0
000000206218.jpg,0.0,0.0,0.0,0.0,0.0,0.0
000000206271.jpg,0.0,0.0,0.0,0.0,0.0,0.0
000000206831.jpg,0.0,0.0,0.0,0.0,0.0,0.0
000000207538.jpg,0.0,0.0,0.0,0.0,0.0,0.0
000000207728.jpg,0.3333333333333333,1.0,0.0,0.0,0.0,0.0
000000208208.jpg,0.0,0.0,0.0,0.0,0.0,0.0
000000208901.jpg,1.0,1.0,0.0,0.0,0.0,0.0
000000209972.jpg,0.0,0.0,0.0,0.0,0.0,0.0
000000210030.jpg,1.0,0.6666666666666666,0.0,0.0,0.0,0.0
000000210099.jpg,0.0,0.0,0.0,0.0,0.0,0.0
000000210520.jpg,0.0,0.0,1.0,0.5,0.0,0.0
000000210708.jpg,0.5,1.0,1.0,1.0,0.0,0.0
000000211042.jpg,0.0,0.0,0.0,0.0,0.0,0.0
000000211069.jpg,1.0,1.0,1.0,1.0,0.0,0.0
000000211120.jpg,0.5,0.5,0.0,0.0,0.0,0.0
000000212072.jpg,1.0,1.0,1.0,1.0,0.0,0.0
000000212559.jpg,0.0,0.0,0.0,0.0,0.0,0.0
000000212895.jpg,1.0,1.0,1.0,1.0,0.0,0.0
000000213224.jpg,0.6666666666666666,1.0,1.0,0.5,0.0,0.0
000000213422.jpg,1.0,1.0,0.5,1.0,0.0,0.0
000000213445.jpg,0.5,0.25,0.0,0.0,0.0,0.0
000000214200.jpg,1.0,0.5,1.0,0.5,0.0,0.0
000000215245.jpg,1.0,1.0,0.0,0.0,0.0,0.0
000000215644.jpg,0.0,0.0,0.0,0.0,0.0,0.0
000000215778.jpg,0.5,0.5,0.0,0.0,0.0,0.0
000000216419.jpg,1.0,1.0,1.0,1.0,0.0,0.0
000000216636.jpg,0.0,0.0,0.0,0.0,0.0,0.0
000000216739.jpg,1.0,1.0,0.0,0.0,0.0,0.0
000000217219.jpg,0.0,0.0,0.0,0.0,0.0,0.0
000000217948.jpg,0.0,0.0,0.0,0.0,0.0,0.0
000000218091.jpg,1.0,0.5,1.0,1.0,0.0,0.0
000000218249.jpg,0.0,0.0,1.0,0.5,0.0,0.0
000000218362.jpg,0.0,0.0,0.0,0.0,0.0,0.0
000000218424.jpg,1.0,1.0,1.0,1.0,0.0,0.0
000000219440.jpg,0.0,0.0,0.0,0.0,0.0,0.0
000000219578.jpg,0.5,0.3333333333333333,0.0,0.0,0.0,0.0
000000220310.jpg,0.0,0.0,0.0,0.0,0.0,0.0
000000221017.jpg,0.0,0.0,0.0,0.0,0.0,0.0
000000221281.jpg,1.0,1.0,0.0,0.0,0.0,0.0
000000221502.jpg,0.0,0.0,0.0,0.0,0.0,0.0
000000221693.jpg,1.0,0.5,0.0,0.0,0.0,0.0
000000222235.jpg,0.5,1.0,0.0,0.0,0.0,0.0
000000222299.jpg,0.3333333333333333,1.0,0.0,0.0,0.0,0.0
000000222317.jpg,0.0,0.0,0.0,0.0,0.0,0.0
000000222455.jpg,0.0,0.0,0.0,0.0,0.0,0.0
000000222825.jpg,1.0,1.0,0.0,0.0,0.0,0.0
000000222863.jpg,1.0,1.0,0.0,0.0,0.0,0.0
000000222991.jpg,0.0,0.0,0.0,0.0,0.0,0.0
000000223090.jpg,0.0,0.0,0.0,0.0,0.0,0.0
000000223130.jpg,0.0,0.0,1.0,1.0,0.0,0.0
000000224051.jpg,0.0,0.0,0.0,0.0,0.0,0.0
000000224200.jpg,1.0,0.5,0.0,0.0,0.0,0.0
000000225532.jpg,0.0,0.0,0.0,0.0,0.0,0.0
000000225757.jpg,1.0,0.3333333333333333,0.5,0.3333333333333333,0.0,0.0
000000226058.jpg,0.5,0.5,0.0,0.0,0.0,0.0
000000226130.jpg,1.0,0.5,0.5,0.5,0.0,0.0
000000226171.jpg,1.0,0.3333333333333333,1.0,0.3333333333333333,0.0,0.0
000000226592.jpg,1.0,1.0,0.0,0.0,0.0,0.0
000000227511.jpg,0.5,1.0,0.0,0.0,0.0,0.0
000000227686.jpg,0.0,0.0,0.0,0.0,0.0,0.0
000000227765.jpg,0.0,0.0,0.0,0.0,0.0,0.0
000000227985.jpg,1.0,1.0,1.0,0.5,0.0,0.0
000000228144.jpg,0.0,0.0,0.0,0.0,0.0,0.0
000000228981.jpg,0.0,0.0,0.0,0.0,0.0,0.0
000000229221.jpg,0.0,0.0,0.0,0.0,0.0,0.0
000000229747.jpg,1.0,1.0,1.0,1.0,0.5,1.0
000000229753.jpg,1.0,1.0,0.0,0.0,0.0,0.0
000000229858.jpg,0.0,0.0,0.0,0.0,0.0,0.0
000000229997.jpg,0.0,0.0,0.0,0.0,0.0,0.0
000000230362.jpg,0.0,0.0,0.0,0.0,0.0,0.0
000000230450.jpg,0.0,0.0,0.0,0.0,0.0,0.0
000000231237.jpg,0.0,0.0,0.0,0.0,0.0,0.0
000000231549.jpg,0.0,0.0,0.0,0.0,0.0,0.0
000000231831.jpg,0.0,0.0,0.0,0.0,0.0,0.0
000000232088.jpg,1.0,0.5,0.5,0.5,0.0,0.0
000000232244.jpg,0.0,0.0,0.0,0.0,0.0,0.0
000000232348.jpg,0.0,0.0,0.0,0.0,0.0,0.0
000000232489.jpg,0.5,1.0,0.3333333333333333,1.0,0.0,0.0
000000233033.jpg,0.0,0.0,0.0,0.0,0.0,0.0
000000233139.jpg,0.0,0.0,0.0,0.0,0.0,0.0
000000233567.jpg,0.0,0.0,0.0,0.0,0.0,0.0
000000234413.jpg,1.0,1.0,1.0,1.0,0.0,0.0
000000234757.jpg,0.0,0.0,0.0,0.0,0.0,0.0
000000234779.jpg,0.5,1.0,0.0,0.0,0.0,0.0
000000234807.jpg,0.0,0.0,0.0,0.0,0.0,0.0
000000235057.jpg,1.0,1.0,0.0,0.0,0.0,0.0
000000235064.jpg,1.0,1.0,0.0,0.0,0.0,0.0
000000235399.jpg,0.0,0.0,0.0,0.0,0.0,0.0
000000235857.jpg,0.5,1.0,0.0,0.0,0.0,0.0
000000236412.jpg,0.5,1.0,0.0,0.0,0.0,0.0
000000236592.jpg,0.0,0.0,0.0,0.0,0.0,0.0
000000236690.jpg,0.0,0.0,0.0,0.0,0.0,0.0
000000236730.jpg,1.0,1.0,1.0,1.0,0.0,0.0
000000236784.jpg,1.0,1.0,0.0,0.0,0.0,0.0
000000236914.jpg,1.0,0.25,0.0,0.0,0.0,0.0
000000237517.jpg,0.0,0.0,0.0,0.0,0.0,0.0
000000237864.jpg,1.0,1.0,1.0,1.0,0.0,0.0
000000237928.jpg,1.0,0.5,0.0,0.0,0.0,0.0
000000237984.jpg,0.5,0.5,0.0,0.0,0.0,0.0
000000238039.jpg,0.0,0.0,0.0,0.0,0.0,0.0
000000239318.jpg,0.0,0.0,0.0,0.0,0.0,0.0
000000239843.jpg,1.0,1.0,0.0,0.0,0.0,0.0
000000240754.jpg,0.0,0.0,0.0,0.0,0.0,0.0
000000240940.jpg,0.0,0.0,1.0,0.3333333333333333,0.0,0.0
000000241326.jpg,0.0,0.0,0.0,0.0,0.0,0.0
000000242060.jpg,0.0,0.0,1.0,0.3333333333333333,0.0,0.0
000000242287.jpg,0.0,0.0,0.0,0.0,0.0,0.0
000000242934.jpg,1.0,0.5,1.0,1.0,0.0,0.0
000000243075.jpg,0.0,0.0,0.0,0.0,0.0,0.0
000000243199.jpg,0.0,0.0,0.0,0.0,0.0,0.0
000000243344.jpg,1.0,0.5,0.0,0.0,0.0,0.0
000000243495.jpg,1.0,1.0,1.0,1.0,0.0,0.0
000000243626.jpg,0.3333333333333333,1.0,0.0,0.0,0.0,0.0
000000244019.jpg,0.0,0.0,0.0,0.0,0.0,0.0
000000244181.jpg,1.0,0.6666666666666666,1.0,0.6666666666666666,0.0,0.0
000000244411.jpg,1.0,1.0,0.0,0.0,0.0,0.0
000000244592.jpg,0.5,1.0,1.0,1.0,0.0,0.0
000000245513.jpg,1.0,1.0,0.0,0.0,0.0,0.0
000000245576.jpg,0.5,0.6666666666666666,0.0,0.0,0.0,0.0
000000245651.jpg,0.0,0.0,0.0,0.0,0.0,0.0
000000245764.jpg,1.0,1.0,0.0,0.0,0.0,0.0
000000246308.jpg,0.0,0.0,0.0,0.0,0.0,0.0
000000248314.jpg,1.0,0.3333333333333333,0.0,0.0,0.0,0.0
000000248631.jpg,0.0,0.0,0.0,0.0,0.0,0.0
000000249025.jpg,0.0,0.0,0.5,1.0,0.0,0.0
000000249219.jpg,1.0,1.0,0.0,0.0,0.0,0.0
000000249550.jpg,0.0,0.0,0.0,0.0,0.0,0.0
000000250205.jpg,0.0,0.0,0.0,0.0,0.0,0.0
000000250758.jpg,1.0,1.0,1.0,1.0,0.0,0.0
000000250766.jpg,0.0,0.0,0.0,0.0,0.0,0.0
000000251065.jpg,1.0,1.0,1.0,1.0,0.0,0.0
000000251119.jpg,0.0,0.0,0.0,0.0,0.0,0.0
000000251537.jpg,0.0,0.0,0.0,0.0,0.0,0.0
000000252216.jpg,0.0,0.0,0.0,0.0,0.0,0.0
000000252332.jpg,1.0,1.0,1.0,1.0,0.0,0.0
000000253002.jpg,0.0,0.0,0.0,0.0,0.0,0.0
000000253433.jpg,0.0,0.0,0.0,0.0,0.0,0.0
000000253452.jpg,0.3333333333333333,0.5,1.0,0.5,0.0,0.0
000000255664.jpg,0.0,0.0,0.0,0.0,0.0,0.0
000000255718.jpg,0.0,0.0,0.0,0.0,0.0,0.0
000000255747.jpg,0.5,0.5,0.5,0.5,0.0,0.0
000000255824.jpg,0.0,0.0,1.0,0.3333333333333333,0.0,0.0
000000255965.jpg,0.5,1.0,0.0,0.0,0.0,0.0
000000256407.jpg,0.0,0.0,0.0,0.0,0.0,0.0
000000256518.jpg,1.0,0.2,0.5,0.2,0.0,0.0
000000256916.jpg,1.0,0.3333333333333333,1.0,0.6666666666666666,0.0,0.0
000000256941.jpg,0.0,0.0,0.0,0.0,0.0,0.0
000000259382.jpg,1.0,1.0,0.0,0.0,0.0,0.0
000000259625.jpg,0.0,0.0,0.0,0.0,0.0,0.0
000000261161.jpg,0.0,0.0,0.0,0.0,0.0,0.0
000000261706.jpg,1.0,0.5,0.0,0.0,0.0,0.0
000000261712.jpg,1.0,1.0,1.0,1.0,0.0,0.0
000000262227.jpg,0.5,0.5,0.0,0.0,0.0,0.0
000000262938.jpg,0.0,0.0,0.0,0.0,0.0,0.0
000000263463.jpg,0.0,0.0,0.0,0.0,0.0,0.0
000000263474.jpg,0.0,0.0,0.0,0.0,0.0,0.0
000000263594.jpg,0.0,0.0,0.0,0.0,0.0,0.0
000000263644.jpg,0.0,0.0,0.0,0.0,0.0,0.0
000000263796.jpg,0.0,0.0,0.0,0.0,0.0,0.0
000000263860.jpg,1.0,1.0,0.0,0.0,0.0,0.0
000000264335.jpg,0.0,0.0,0.0,0.0,0.0,0.0
000000264441.jpg,0.5,0.5,0.0,0.0,0.0,0.0
000000265108.jpg,0.0,0.0,0.0,0.0,0.0,0.0
000000266082.jpg,0.0,0.0,0.0,0.0,0.0,0.0
000000267300.jpg,0.0,0.0,0.0,0.0,0.0,0.0
000000267434.jpg,1.0,1.0,0.0,0.0,0.0,0.0
000000267940.jpg,0.0,0.0,0.0,0.0,0.0,0.0
000000268375.jpg,1.0,1.0,1.0,1.0,0.0,0.0
000000269113.jpg,0.5,1.0,0.0,0.0,0.0,0.0
000000269196.jpg,0.0,0.0,0.0,0.0,0.0,0.0
000000269866.jpg,1.0,1.0,0.0,0.0,0.0,0.0
000000269932.jpg,0.0,0.0,0.0,0.0,0.0,0.0
000000270066.jpg,0.5,0.5,0.0,0.0,0.0,0.0
000000270244.jpg,1.0,1.0,1.0,1.0,0.0,0.0
000000270402.jpg,1.0,1.0,1.0,1.0,0.0,0.0
000000270705.jpg,0.0,0.0,0.0,0.0,0.0,0.0
000000271457.jpg,0.0,0.0,0.0,0.0,0.0,0.0
000000271728.jpg,0.0,0.0,0.0,0.0,0.0,0.0
000000272049.jpg,1.0,1.0,0.0,0.0,0.0,0.0
000000272364.jpg,1.0,1.0,1.0,1.0,0.0,0.0
000000272416.jpg,0.0,0.0,0.0,0.0,0.0,0.0
000000273551.jpg,0.0,0.0,0.0,0.0,0.0,0.0
000000273642.jpg,0.0,0.0,0.0,0.0,0.0,0.0
000000273712.jpg,0.5,1.0,1.0,1.0,0.0,0.0
000000274687.jpg,0.0,0.0,0.0,0.0,0.0,0.0
000000276284.jpg,0.0,0.0,0.0,0.0,0.0,0.0
000000276921.jpg,0.0,0.0,0.0,0.0,0.0,0.0
000000277197.jpg,0.0,0.0,0.0,0.0,0.0,0.0
000000277584.jpg,0.0,0.0,0.0,0.0,0.0,0.0
000000277689.jpg,1.0,1.0,0.0,0.0,0.0,0.0
000000278353.jpg,1.0,1.0,0.0,0.0,0.0,0.0
000000278463.jpg,1.0,1.0,0.0,0.0,0.0,0.0
000000279714.jpg,0.3333333333333333,0.3333333333333333,0.0,0.0,0.0,0.0
000000279887.jpg,1.0,1.0,0.0,0.0,0.0,0.0
000000280325.jpg,0.0,0.0,0.0,0.0,0.0,0.0
000000281447.jpg,0.5,1.0,0.0,0.0,0.0,0.0
000000281693.jpg,1.0,1.0,1.0,1.0,0.0,0.0
000000282296.jpg,0.0,0.0,0.0,0.0,0.0,0.0
000000282912.jpg,0.0,0.0,0.0,0.0,0.0,0.0
000000283038.jpg,1.0,1.0,1.0,1.0,0.0,0.0
000000283113.jpg,0.5,1.0,0.0,0.0,0.0,0.0
000000283412.jpg,0.0,0.0,0.0,0.0,0.0,0.0
000000283717.jpg,0.0,0.0,0.0,0.0,0.0,0.0
000000284106.jpg,0.5,0.5,1.0,0.5,0.0,0.0
000000284279.jpg,1.0,1.0,0.0,0.0,0.0,0.0
000000284282.jpg,0.0,0.0,0.0,0.0,0.0,0.0
000000284762.jpg,1.0,1.0,0.0,0.0,0.0,0.0
000000285349.jpg,0.0,0.0,0.0,0.0,0.0,0.0
000000286458.jpg,0.0,0.0,0.0,0.0,0.0,0.0
000000286708.jpg,0.0,0.0,0.0,0.0,0.0,0.0
000000286849.jpg,0.0,0.0,0.0,0.0,0.0,0.0
000000286907.jpg,0.0,0.0,0.0,0.0,0.0,0.0
000000287545.jpg,0.0,0.0,0.0,0.0,0.0,0.0
000000287649.jpg,1.0,0.5,0.0,0.0,0.0,0.0
000000287667.jpg,0.0,0.0,1.0,0.5,0.0,0.0
000000287959.jpg,0.3333333333333333,1.0,0.0,0.0,0.0,0.0
000000288062.jpg,0.0,0.0,0.0,0.0,0.0,0.0
000000288391.jpg,0.0,0.0,0.0,0.0,0.0,0.0
000000288762.jpg,0.0,0.0,1.0,0.5,0.0,0.0
000000288882.jpg,1.0,1.0,1.0,1.0,0.0,0.0
000000289393.jpg,0.0,0.0,0.0,0.0,0.0,0.0
000000289516.jpg,0.0,0.0,0.0,0.0,0.0,0.0
000000289586.jpg,0.0,0.0,0.0,0.0,0.0,0.0
000000289659.jpg,1.0,1.0,0.0,0.0,0.0,0.0
000000289702.jpg,0.0,0.0,0.0,0.0,0.0,0.0
000000290771.jpg,0.0,0.0,1.0,0.5,0.0,0.0
000000290833.jpg,1.0,1.0,1.0,1.0,0.0,0.0
000000291490.jpg,0.0,0.0,0.0,0.0,0.0,0.0
000000291664.jpg,1.0,0.5,0.0,0.0,0.0,0.0
000000291861.jpg,1.0,1.0,0.0,0.0,0.0,0.0
000000292330.jpg,0.0,0.0,0.0,0.0,0.0,0.0
000000293044.jpg,0.0,0.0,1.0,0.25,0.0,0.0
000000293071.jpg,0.5,0.5,0.0,0.0,0.0,0.0
000000293245.jpg,0.0,0.0,0.0,0.0,0.0,0.0
000000293324.jpg,1.0,1.0,1.0,1.0,0.0,0.0
000000293804.jpg,0.0,0.0,1.0,1.0,0.0,0.0
000000293858.jpg,0.5,0.2,0.5,0.2,0.0,0.0
000000294162.jpg,0.0,0.0,0.0,0.0,0.0,0.0
000000294855.jpg,0.0,0.0,0.0,0.0,0.0,0.0
000000295797.jpg,1.0,1.0,0.0,0.0,0.0,0.0
000000296969.jpg,1.0,1.0,0.5,1.0,0.0,0.0
000000297085.jpg,0.0,0.0,0.3333333333333333,1.0,0.0,0.0
000000297343.jpg,1.0,1.0,0.0,0.0,0.0,0.0
000000297396.jpg,1.0,0.5,1.0,0.5,1.0,0.5
000000297830.jpg,0.0,0.0,0.0,0.0,0.0,0.0
000000298738.jpg,0.0,0.0,0.0,0.0,0.0,0.0
000000298904.jpg,0.5,1.0,0.0,0.0,0.0,0.0
000000299720.jpg,0.0,0.0,0.0,0.0,0.0,0.0
000000300155.jpg,0.0,0.0,0.0,0.0,0.0,0.0
000000300233.jpg,0.0,0.0,0.0,0.0,0.0,0.0
000000300842.jpg,0.0,0.0,0.0,0.0,0.0,0.0
000000300913.jpg,0.0,0.0,0.0,0.0,0.0,0.0
000000301421.jpg,1.0,0.6666666666666666,1.0,0.6666666666666666,0.0,0.0
000000301981.jpg,1.0,1.0,0.0,0.0,0.0,0.0
000000302165.jpg,0.0,0.0,0.0,0.0,0.0,0.0
000000303908.jpg,0.0,0.0,0.0,0.0,0.0,0.0
000000304291.jpg,0.0,0.0,0.0,0.0,0.0,0.0
000000304545.jpg,0.0,0.0,0.0,0.0,0.0,0.0
000000304560.jpg,0.0,0.0,0.0,0.0,0.0,0.0
000000305343.jpg,0.0,0.0,0.0,0.0,0.0,0.0
000000305695.jpg,0.0,0.0,0.0,0.0,0.0,0.0
000000307074.jpg,0.0,0.0,0.0,0.0,0.0,0.0
000000307658.jpg,1.0,1.0,0.0,0.0,0.0,0.0
000000308476.jpg,1.0,1.0,0.0,0.0,0.0,0.0
000000309452.jpg,1.0,1.0,0.0,0.0,0.0,0.0
000000309495.jpg,0.0,0.0,0.0,0.0,0.0,0.0
000000309938.jpg,0.0,0.0,0.0,0.0,0.0,0.0
000000310072.jpg,0.0,0.0,0.0,0.0,0.0,0.0
000000310200.jpg,0.0,0.0,0.0,0.0,0.0,0.0
000000310980.jpg,0.0,0.0,0.0,0.0,0.0,0.0
000000311518.jpg,0.0,0.0,0.0,0.0,0.0,0.0
000000311789.jpg,1.0,1.0,0.5,1.0,0.0,0.0
000000311909.jpg,1.0,1.0,0.0,0.0,0.0,0.0
000000311950.jpg,0.0,0.0,0.0,0.0,0.0,0.0
000000312213.jpg,1.0,1.0,0.0,0.0,0.0,0.0
000000312278.jpg,0.0,0.0,0.0,0.0,0.0,0.0
000000312340.jpg,0.0,0.0,0.0,0.0,0.0,0.0
000000312586.jpg,0.0,0.0,0.0,0.0,0.0,0.0
000000313130.jpg,0.0,0.0,1.0,1.0,0.0,0.0
000000313783.jpg,0.0,0.0,0.0,0.0,0.0,0.0
000000314294.jpg,1.0,1.0,0.0,0.0,0.0,0.0
000000314541.jpg,1.0,1.0,0.0,0.0,0.0,0.0
000000315257.jpg,0.0,0.0,0.0,0.0,0.0,0.0
000000315450.jpg,1.0,1.0,0.0,0.0,0.0,0.0
000000316015.jpg,0.0,0.0,1.0,0.3333333333333333,0.0,0.0
000000316666.jpg,0.0,0.0,1.0,1.0,0.0,0.0
000000317024.jpg,1.0,1.0,1.0,1.0,0.0,0.0
000000318080.jpg,0.0,0.0,0.0,0.0,0.0,0.0
000000318238.jpg,0.0,0.0,0.0,0.0,0.0,0.0
000000318908.jpg,0.0,0.0,0.0,0.0,0.0,0.0
000000319617.jpg,0.0,0.0,1.0,0.3333333333333333,0.0,0.0
000000319696.jpg,0.0,0.0,0.0,0.0,0.0,0.0
000000319935.jpg,0.5,0.3333333333333333,0.0,0.0,0.0,0.0
000000320425.jpg,1.0,1.0,1.0,1.0,0.0,0.0
000000320554.jpg,0.0,0.0,0.0,0.0,0.0,0.0
000000320632.jpg,1.0,1.0,1.0,1.0,0.0,0.0
000000320664.jpg,1.0,0.5,1.0,0.5,0.0,0.0
000000321118.jpg,0.5,1.0,0.0,0.0,0.0,0.0
000000321557.jpg,1.0,1.0,0.0,0.0,0.0,0.0
000000321887.jpg,0.0,0.0,0.0,0.0,0.0,0.0
000000322352.jpg,1.0,1.0,1.0,0.5,0.0,0.0
000000322574.jpg,0.0,0.0,0.0,0.0,0.0,0.0
000000322829.jpg,0.0,0.0,0.0,0.0,0.0,0.0
000000322844.jpg,0.0,0.0,0.0,0.0,0.0,0.0
000000322895.jpg,1.0,1.0,1.0,1.0,0.0,0.0
000000323151.jpg,0.5,0.3333333333333333,1.0,0.6666666666666666,0.0,0.0
000000323202.jpg,1.0,1.0,0.0,0.0,0.0,0.0
000000323709.jpg,1.0,1.0,1.0,1.0,0.0,0.0
000000324715.jpg,0.0,0.0,0.0,0.0,0.0,0.0
000000324818.jpg,0.0,0.0,0.0,0.0,0.0,0.0
000000324927.jpg,1.0,0.5,0.0,0.0,0.0,0.0
000000325114.jpg,0.0,0.0,0.0,0.0,0.0,0.0
000000325306.jpg,0.0,0.0,0.0,0.0,0.0,0.0
000000325527.jpg,0.0,0.0,0.0,0.0,0.0,0.0
000000327780.jpg,0.0,0.0,0.0,0.0,0.0,0.0
000000327890.jpg,0.0,0.0,0.0,0.0,0.0,0.0
000000328030.jpg,0.0,0.0,0.0,0.0,0.0,0.0
000000328683.jpg,0.5,1.0,0.0,0.0,0.0,0.0
000000328959.jpg,0.0,0.0,0.0,0.0,0.0,0.0
000000329080.jpg,0.5,1.0,1.0,1.0,0.0,0.0
000000329319.jpg,0.0,0.0,0.0,0.0,0.0,0.0
000000329447.jpg,0.0,0.0,0.0,0.0,0.0,0.0
000000330790.jpg,0.0,0.0,0.0,0.0,0.0,0.0
000000331075.jpg,0.5,1.0,0.0,0.0,0.0,0.0
000000331569.jpg,0.0,0.0,0.0,0.0,0.0,0.0
000000332455.jpg,0.0,0.0,0.0,0.0,0.0,0.0
000000333069.jpg,1.0,1.0,0.0,0.0,0.0,0.0
000000333237.jpg,0.0,0.0,0.0,0.0,0.0,0.0
000000333772.jpg,1.0,0.3333333333333333,0.0,0.0,0.0,0.0
000000333956.jpg,0.0,0.0,0.0,0.0,0.0,0.0
000000334977.jpg,0.0,0.0,0.0,0.0,0.0,0.0
000000335081.jpg,1.0,0.5,0.0,0.0,0.0,0.0
000000335450.jpg,1.0,1.0,0.0,0.0,0.0,0.0
000000335529.jpg,0.0,0.0,0.0,0.0,0.0,0.0
000000335658.jpg,0.0,0.0,0.0,0.0,0.0,0.0
000000335800.jpg,0.0,0.0,0.0,0.0,0.0,0.0
000000335954.jpg,0.0,0.0,0.0,0.0,0.0,0.0
000000337498.jpg,0.5,1.0,0.5,1.0,0.0,0.0
000000337987.jpg,1.0,1.0,0.0,0.0,0.0,0.0
000000338191.jpg,0.0,0.0,0.0,0.0,0.0,0.0
000000338325.jpg,1.0,1.0,0.0,0.0,0.0,0.0
000000338428.jpg,0.0,0.0,0.0,0.0,0.0,0.0
000000338560.jpg,1.0,1.0,0.0,0.0,0.0,0.0
000000338718.jpg,1.0,1.0,0.0,0.0,0.0,0.0
000000338901.jpg,0.0,0.0,0.0,0.0,0.0,0.0
000000340015.jpg,1.0,0.5,1.0,1.0,0.0,0.0
000000340930.jpg,0.0,0.0,0.0,0.0,0.0,0.0
000000341058.jpg,0.0,0.0,0.0,0.0,0.0,0.0
000000342186.jpg,1.0,1.0,1.0,1.0,0.0,0.0
000000342295.jpg,0.0,0.0,0.0,0.0,0.0,0.0
000000343076.jpg,0.0,0.0,0.0,0.0,0.0,0.0
000000343934.jpg,1.0,1.0,0.0,0.0,0.0,0.0
000000344059.jpg,1.0,1.0,1.0,1.0,0.0,0.0
000000344100.jpg,0.0,0.0,0.5,1.0,0.0,0.0
000000344621.jpg,1.0,1.0,0.5,1.0,0.0,0.0
000000344795.jpg,0.5,0.5,0.0,0.0,0.0,0.0
000000344909.jpg,0.0,0.0,0.0,0.0,0.0,0.0
000000345261.jpg,0.0,0.0,0.0,0.0,0.0,0.0
000000346638.jpg,1.0,0.3333333333333333,0.0,0.0,0.0,0.0
000000346905.jpg,1.0,1.0,1.0,1.0,0.0,0.0
000000347163.jpg,1.0,1.0,0.0,0.0,0.0,0.0
000000347335.jpg,0.3333333333333333,0.5,0.5,0.5,0.0,0.0
000000347456.jpg,1.0,1.0,0.0,0.0,0.0,0.0
000000347544.jpg,0.5,1.0,0.0,0.0,0.0,0.0
000000347930.jpg,0.0,0.0,0.0,0.0,0.0,0.0
000000348012.jpg,0.0,0.0,0.0,0.0,0.0,0.0
000000348045.jpg,1.0,1.0,1.0,1.0,0.0,0.0
000000348216.jpg,0.0,0.0,0.0,0.0,0.0,0.0
000000348243.jpg,0.0,0.0,0.0,0.0,0.0,0.0
000000348481.jpg,0.0,0.0,0.0,0.0,0.0,0.0
000000348488.jpg,0.0,0.0,0.0,0.0,0.0,0.0
000000349302.jpg,1.0,1.0,0.0,0.0,0.0,0.0
000000349837.jpg,1.0,1.0,1.0,1.0,0.0,0.0
000000350054.jpg,0.3333333333333333,1.0,0.3333333333333333,1.0,0.0,0.0
000000350488.jpg,1.0,1.0,1.0,1.0,0.0,0.0
000000350607.jpg,0.0,0.0,0.0,0.0,0.0,0.0
000000351331.jpg,0.6666666666666666,0.6666666666666666,1.0,0.3333333333333333,0.0,0.0
000000351589.jpg,0.0,0.0,0.0,0.0,0.0,0.0
000000352584.jpg,0.0,0.0,0.0,0.0,0.0,0.0
000000353096.jpg,0.5,1.0,0.0,0.0,0.0,0.0
000000353970.jpg,1.0,1.0,0.0,0.0,0.0,0.0
000000354753.jpg,0.0,0.0,0.0,0.0,0.0,0.0
000000354829.jpg,0.0,0.0,0.0,0.0,0.0,0.0
000000355240.jpg,0.0,0.0,0.0,0.0,0.0,0.0
000000355610.jpg,0.0,0.0,0.0,0.0,0.0,0.0
000000355905.jpg,1.0,1.0,0.0,0.0,0.0,0.0
000000356261.jpg,0.0,0.0,0.0,0.0,0.0,0.0
000000356347.jpg,0.0,0.0,0.0,0.0,0.0,0.0
000000356432.jpg,0.0,0.0,0.0,0.0,0.0,0.0
000000356968.jpg,0.5,1.0,0.0,0.0,0.0,0.0
000000357081.jpg,1.0,1.0,0.0,0.0,0.0,0.0
000000357430.jpg,1.0,1.0,0.5,1.0,0.0,0.0
000000357501.jpg,0.0,0.0,0.0,0.0,0.0,0.0
000000357903.jpg,0.0,0.0,0.5,1.0,0.0,0.0
000000357941.jpg,1.0,0.5,0.0,0.0,0.0,0.0
000000359135.jpg,0.0,0.0,0.0,0.0,0.0,0.0
000000359219.jpg,0.0,0.0,0.0,0.0,0.0,0.0
000000359781.jpg,1.0,1.0,1.0,1.0,0.0,0.0
000000359855.jpg,0.0,0.0,0.0,0.0,0.0,0.0
000000359937.jpg,0.5,1.0,0.0,0.0,0.0,0.0
000000360393.jpg,0.5,0.5,0.5,0.5,0.0,0.0
000000360951.jpg,0.6666666666666666,1.0,1.0,0.5,0.0,0.0
000000361180.jpg,1.0,1.0,0.0,0.0,0.0,0.0
000000361268.jpg,0.0,0.0,0.0,0.0,0.0,0.0
000000361571.jpg,1.0,1.0,0.0,0.0,0.0,0.0
000000362434.jpg,1.0,1.0,0.0,0.0,0.0,0.0
000000363461.jpg,0.0,0.0,0.5,0.3333333333333333,0.0,0.0
000000364166.jpg,1.0,1.0,1.0,1.0,0.0,0.0
000000364297.jpg,0.5,0.3333333333333333,0.0,0.0,0.0,0.0
000000364636.jpg,1.0,0.5,0.0,0.0,0.0,0.0
000000365098.jpg,0.0,0.0,0.0,0.0,0.0,0.0
000000365207.jpg,0.0,0.0,0.0,0.0,0.0,0.0
000000366141.jpg,0.0,0.0,0.0,0.0,0.0,0.0
000000366199.jpg,1.0,1.0,0.0,0.0,0.0,0.0
000000366225.jpg,0.0,0.0,1.0,0.5,0.0,0.0
000000366611.jpg,0.0,0.0,0.0,0.0,0.0,0.0
000000367082.jpg,1.0,0.3333333333333333,0.0,0.0,0.0,0.0
000000367386.jpg,0.5,0.5,1.0,0.5,0.0,0.0
000000367569.jpg,0.0,0.0,0.0,0.0,0.0,0.0
000000368335.jpg,1.0,0.3333333333333333,0.0,0.0,0.0,0.0
000000368684.jpg,1.0,0.75,1.0,0.25,0.0,0.0
000000368900.jpg,0.0,0.0,0.0,0.0,0.0,0.0
000000368982.jpg,0.0,0.0,0.0,0.0,0.0,0.0
000000369081.jpg,0.5,1.0,0.0,0.0,0.0,0.0
000000369751.jpg,0.0,0.0,0.0,0.0,0.0,0.0
000000369757.jpg,0.0,0.0,0.0,0.0,0.0,0.0
000000370478.jpg,1.0,0.25,0.0,0.0,0.0,0.0
000000370900.jpg,0.0,0.0,0.0,0.0,0.0,0.0
000000371677.jpg,0.0,0.0,0.0,0.0,0.0,0.0
000000372260.jpg,1.0,1.0,0.0,0.0,0.0,0.0
000000372317.jpg,1.0,1.0,1.0,1.0,0.0,0.0
000000372466.jpg,0.0,0.0,0.0,0.0,0.0,0.0
000000372718.jpg,0.0,0.0,0.5,1.0,0.0,0.0
000000374551.jpg,0.0,0.0,0.0,0.0,0.0,0.0
000000375015.jpg,1.0,1.0,0.0,0.0,0.0,0.0
000000375078.jpg,0.0,0.0,0.0,0.0,0.0,0.0
000000375430.jpg,0.5,0.5,1.0,0.5,0.0,0.0
000000376264.jpg,0.0,0.0,0.0,0.0,0.0,0.0
000000376278.jpg,1.0,1.0,1.0,1.0,0.0,0.0
000000376284.jpg,0.6666666666666666,1.0,0.0,0.0,0.0,0.0
000000376442.jpg,1.0,1.0,1.0,1.0,0.0,0.0
000000376478.jpg,0.0,0.0,0.0,0.0,0.0,0.0
000000377000.jpg,0.5,1.0,1.0,1.0,0.0,0.0
000000377497.jpg,1.0,1.0,0.0,0.0,0.0,0.0
000000377575.jpg,0.0,0.0,0.0,0.0,0.0,0.0
000000377670.jpg,0.0,0.0,0.0,0.0,0.0,0.0
000000377882.jpg,0.0,0.0,0.0,0.0,0.0,0.0
000000378099.jpg,0.0,0.0,0.0,0.0,0.0,0.0
000000378605.jpg,0.6666666666666666,0.6666666666666666,1.0,0.3333333333333333,0.0,0.0
000000379453.jpg,1.0,1.0,1.0,1.0,1.0,1.0
000000379476.jpg,0.0,0.0,0.0,0.0,0.0,0.0
000000379533.jpg,1.0,1.0,1.0,1.0,0.0,0.0
000000379842.jpg,0.5,0.5,0.0,0.0,0.0,0.0
000000380203.jpg,0.0,0.0,0.0,0.0,0.0,0.0
000000382030.jpg,0.5,0.3333333333333333,1.0,0.3333333333333333,0.0,0.0
000000382088.jpg,0.0,0.0,0.0,0.0,0.0,0.0
000000382743.jpg,0.0,0.0,0.0,0.0,0.0,0.0
000000383386.jpg,0.0,0.0,0.0,0.0,0.0,0.0
000000383621.jpg,0.0,0.0,1.0,1.0,0.0,0.0
000000383676.jpg,1.0,1.0,1.0,1.0,0.0,0.0
000000384350.jpg,1.0,1.0,1.0,1.0,0.0,0.0
000000384513.jpg,0.0,0.0,0.0,0.0,0.0,0.0
000000384616.jpg,1.0,1.0,0.0,0.0,0.0,0.0
000000384651.jpg,0.0,0.0,0.0,0.0,0.0,0.0
000000384661.jpg,0.5,0.5,0.0,0.0,0.0,0.0
000000385205.jpg,0.3333333333333333,1.0,0.0,0.0,0.0,0.0
000000385719.jpg,0.5,1.0,1.0,1.0,0.0,0.0
000000385997.jpg,0.0,0.0,0.0,0.0,0.0,0.0
000000386457.jpg,1.0,1.0,0.0,0.0,0.0,0.0
000000387098.jpg,0.5,0.5,0.6666666666666666,1.0,0.0,0.0
000000387383.jpg,1.0,1.0,0.0,0.0,0.0,0.0
000000387387.jpg,0.0,0.0,0.0,0.0,0.0,0.0
000000388258.jpg,0.0,0.0,0.0,0.0,0.0,0.0
000000389933.jpg,0.0,0.0,0.0,0.0,0.0,0.0
000000390301.jpg,0.0,0.0,0.0,0.0,0.0,0.0
000000391144.jpg,1.0,1.0,1.0,1.0,0.0,0.0
000000392818.jpg,0.0,0.0,0.0,0.0,0.0,0.0
000000393014.jpg,0.0,0.0,0.0,0.0,0.0,0.0
000000393282.jpg,0.0,0.0,0.0,0.0,0.0,0.0
000000394328.jpg,1.0,1.0,0.0,0.0,0.0,0.0
000000395343.jpg,0.0,0.0,0.0,0.0,1.0,0.5
000000396526.jpg,0.0,0.0,0.0,0.0,0.0,0.0
000000396729.jpg,1.0,0.3333333333333333,0.0,0.0,0.0,0.0
000000397639.jpg,0.0,0.0,0.0,0.0,0.0,0.0
000000398810.jpg,1.0,1.0,1.0,1.0,0.0,0.0
000000399560.jpg,0.0,0.0,0.0,0.0,0.0,0.0
000000399655.jpg,0.0,0.0,0.0,0.0,0.0,0.0
000000400082.jpg,0.0,0.0,0.0,0.0,0.0,0.0
000000401991.jpg,0.5,0.3333333333333333,0.0,0.0,0.0,0.0
000000402346.jpg,0.0,0.0,0.0,0.0,0.0,0.0
000000402433.jpg,0.0,0.0,0.5,0.5,0.0,0.0
000000402473.jpg,1.0,1.0,0.0,0.0,0.0,0.0
000000402992.jpg,1.0,1.0,0.0,0.0,0.0,0.0
000000403353.jpg,1.0,1.0,0.0,0.0,0.0,0.0
000000403817.jpg,1.0,0.6666666666666666,0.0,0.0,0.0,0.0
000000404128.jpg,1.0,1.0,1.0,1.0,0.0,0.0
000000404191.jpg,0.0,0.0,0.0,0.0,0.0,0.0
000000404479.jpg,1.0,1.0,1.0,1.0,0.0,0.0
000000404568.jpg,0.0,0.0,0.0,0.0,0.0,0.0
000000405205.jpg,1.0,1.0,0.0,0.0,0.0,0.0
000000405306.jpg,0.6666666666666666,1.0,0.0,0.0,0.0,0.0
000000405432.jpg,0.0,0.0,1.0,0.5,0.0,0.0
000000405970.jpg,1.0,0.5,1.0,0.5,0.0,0.0
000000405972.jpg,0.0,0.0,1.0,1.0,0.0,0.0
000000407403.jpg,0.0,0.0,0.0,0.0,0.0,0.0
000000407518.jpg,1.0,1.0,0.0,0.0,0.0,0.0
000000407960.jpg,0.0,0.0,0.0,0.0,0.0,0.0
000000408830.jpg,1.0,1.0,0.0,0.0,0.0,0.0
000000409268.jpg,0.0,0.0,0.0,0.0,0.0,0.0
000000409630.jpg,0.0,0.0,0.0,0.0,0.0,0.0
000000410428.jpg,1.0,1.0,0.0,0.0,0.0,0.0
000000410487.jpg,0.0,0.0,0.0,0.0,0.0,0.0
000000410878.jpg,1.0,1.0,0.0,0.0,0.0,0.0
000000411665.jpg,0.0,0.0,1.0,1.0,0.0,0.0
000000412240.jpg,0.0,0.0,0.0,0.0,0.0,0.0
000000412887.jpg,0.0,0.0,0.0,0.0,0.0,0.0
000000413247.jpg,0.0,0.0,0.0,0.0,0.0,0.0
000000414133.jpg,0.0,0.0,0.0,0.0,0.0,0.0
000000414261.jpg,0.0,0.0,0.0,0.0,0.0,0.0
000000414638.jpg,0.0,0.0,1.0,0.25,0.0,0.0
000000415238.jpg,0.0,0.0,0.0,0.0,0.0,0.0
000000415716.jpg,0.0,0.0,0.0,0.0,0.0,0.0
000000415741.jpg,0.0,0.0,0.0,0.0,0.0,0.0
000000416256.jpg,0.0,0.0,0.3333333333333333,0.5,0.0,0.0
000000416330.jpg,1.0,1.0,0.5,0.5,0.0,0.0
000000416758.jpg,1.0,1.0,0.0,0.0,0.0,0.0
000000416885.jpg,1.0,0.25,1.0,0.25,0.0,0.0
000000417043.jpg,0.0,0.0,0.0,0.0,0.0,0.0
000000417085.jpg,0.0,0.0,0.0,0.0,0.0,0.0
000000417465.jpg,0.5,1.0,0.0,0.0,0.0,0.0
000000417608.jpg,0.5,1.0,0.3333333333333333,1.0,0.0,0.0
000000417876.jpg,0.0,0.0,0.0,0.0,0.0,0.0
000000418281.jpg,0.0,0.0,0.0,0.0,0.0,0.0
000000418961.jpg,1.0,1.0,0.0,0.0,0.0,0.0
000000419098.jpg,0.0,0.0,0.0,0.0,0.0,0.0
000000419312.jpg,0.5,0.5,0.5,0.5,0.0,0.0
000000419601.jpg,0.0,0.0,1.0,0.5,0.0,0.0
000000419653.jpg,0.5,1.0,0.0,0.0,0.0,0.0
000000420230.jpg,1.0,1.0,1.0,1.0,0.0,0.0
000000420472.jpg,1.0,1.0,1.0,1.0,0.0,0.0
000000421834.jpg,0.0,0.0,0.0,0.0,0.0,0.0
000000421923.jpg,0.0,0.0,0.0,0.0,0.0,0.0
000000423519.jpg,0.0,0.0,0.0,0.0,0.0,0.0
000000423971.jpg,0.0,0.0,0.0,0.0,0.0,0.0
000000424545.jpg,1.0,1.0,0.0,0.0,0.0,0.0
000000424776.jpg,0.0,0.0,0.0,0.0,0.0,0.0
000000425390.jpg,0.3333333333333333,0.5,0.0,0.0,0.0,0.0
000000426166.jpg,0.0,0.0,0.0,0.0,0.0,0.0
000000426253.jpg,0.0,0.0,0.0,0.0,0.0,0.0
000000426297.jpg,1.0,1.0,1.0,1.0,0.0,0.0
000000426372.jpg,0.0,0.0,0.0,0.0,0.0,0.0
000000427500.jpg,0.0,0.0,0.0,0.0,0.0,0.0
000000428280.jpg,1.0,0.5,0.0,0.0,0.0,0.0
000000428867.jpg,1.0,0.5,0.0,0.0,0.0,0.0
000000429530.jpg,0.0,0.0,0.0,0.0,0.0,0.0
000000429623.jpg,0.5,0.3333333333333333,0.0,0.0,0.0,0.0
000000430056.jpg,0.0,0.0,0.0,0.0,0.0,0.0
000000430286.jpg,0.0,0.0,1.0,1.0,0.0,0.0
000000430871.jpg,0.0,0.0,0.0,0.0,0.0,0.0
000000430973.jpg,0.5,1.0,0.5,1.0,0.0,0.0
000000431568.jpg,1.0,0.5,1.0,1.0,0.0,0.0
000000431727.jpg,0.0,0.0,0.0,0.0,0.0,0.0
000000432468.jpg,1.0,0.5,0.0,0.0,0.0,0.0
000000433134.jpg,0.0,0.0,0.0,0.0,0.0,0.0
000000433192.jpg,0.0,0.0,1.0,1.0,0.0,0.0
000000433243.jpg,1.0,0.5,1.0,1.0,0.0,0.0
000000433374.jpg,1.0,1.0,0.0,0.0,0.0,0.0
000000433774.jpg,0.0,0.0,0.0,0.0,0.0,0.0
000000434479.jpg,0.6,1.0,1.0,0.3333333333333333,0.0,0.0
000000434996.jpg,0.5,0.3333333333333333,0.0,0.0,0.0,0.0
000000435003.jpg,0.0,0.0,0.3333333333333333,0.3333333333333333,0.0,0.0
000000435299.jpg,0.0,0.0,0.0,0.0,0.0,0.0
000000435880.jpg,0.0,0.0,0.0,0.0,0.0,0.0
000000436315.jpg,1.0,1.0,0.5,1.0,0.0,0.0
000000436551.jpg,0.0,0.0,0.0,0.0,0.0,0.0
000000437392.jpg,0.0,0.0,1.0,1.0,0.0,0.0
000000438226.jpg,1.0,0.5,1.0,0.25,0.0,0.0
000000438269.jpg,0.0,0.0,0.0,0.0,0.0,0.0
000000439623.jpg,1.0,1.0,0.0,0.0,0.0,0.0
000000440507.jpg,0.0,0.0,0.0,0.0,0.0,0.0
000000442323.jpg,0.0,0.0,0.0,0.0,0.0,0.0
000000442661.jpg,0.0,0.0,0.0,0.0,0.0,0.0
000000443303.jpg,1.0,0.5,0.0,0.0,0.0,0.0
000000443498.jpg,0.0,0.0,0.0,0.0,0.0,0.0
000000445248.jpg,1.0,1.0,1.0,1.0,0.0,0.0
000000445365.jpg,1.0,1.0,0.0,0.0,0.0,0.0
000000445439.jpg,1.0,1.0,0.0,0.0,0.0,0.0
000000445675.jpg,1.0,1.0,1.0,1.0,0.0,0.0
000000446207.jpg,0.0,0.0,0.0,0.0,0.0,0.0
000000446522.jpg,0.0,0.0,0.0,0.0,0.0,0.0
000000446574.jpg,0.5,1.0,0.5,1.0,0.0,0.0
000000446703.jpg,0.0,0.0,0.0,0.0,0.0,0.0
000000447169.jpg,1.0,1.0,0.0,0.0,0.0,0.0
000000447200.jpg,0.0,0.0,0.0,0.0,0.0,0.0
000000447313.jpg,1.0,1.0,0.0,0.0,0.0,0.0
000000447342.jpg,1.0,0.5,0.0,0.0,0.0,0.0
000000448448.jpg,1.0,1.0,0.0,0.0,0.0,0.0
000000449190.jpg,0.0,0.0,0.0,0.0,0.0,0.0
000000449406.jpg,1.0,1.0,0.5,1.0,0.0,0.0
000000450100.jpg,0.0,0.0,1.0,0.25,0.0,0.0
000000450439.jpg,0.0,0.0,0.0,0.0,0.0,0.0
000000451090.jpg,0.0,0.0,0.0,0.0,0.0,0.0
000000451571.jpg,0.0,0.0,0.5,0.3333333333333333,0.0,0.0
000000451693.jpg,1.0,1.0,0.5,1.0,0.0,0.0
000000452084.jpg,0.0,0.0,1.0,0.25,0.0,0.0
000000452122.jpg,1.0,1.0,1.0,1.0,0.0,0.0
000000452321.jpg,1.0,1.0,0.0,0.0,0.0,0.0
000000452891.jpg,1.0,0.5,0.0,0.0,0.0,0.0
000000453040.jpg,0.0,0.0,0.0,0.0,0.0,0.0
000000453341.jpg,0.0,0.0,0.0,0.0,0.0,0.0
000000453584.jpg,0.0,0.0,0.0,0.0,0.0,0.0
000000453722.jpg,1.0,0.5,0.0,0.0,0.0,0.0
000000453860.jpg,1.0,1.0,0.0,0.0,0.0,0.0
000000453981.jpg,1.0,1.0,0.0,0.0,0.0,0.0
000000454661.jpg,1.0,1.0,0.0,0.0,0.0,0.0
000000454750.jpg,1.0,1.0,1.0,1.0,0.0,0.0
000000454978.jpg,1.0,1.0,0.0,0.0,0.0,0.0
000000455716.jpg,1.0,1.0,0.0,0.0,0.0,0.0
000000455981.jpg,1.0,1.0,0.0,0.0,0.0,0.0
000000456143.jpg,0.5,0.3333333333333333,0.5,0.3333333333333333,0.0,0.0
000000456292.jpg,0.0,0.0,0.0,0.0,0.0,0.0
000000456394.jpg,0.0,0.0,0.0,0.0,0.0,0.0
000000456865.jpg,1.0,1.0,1.0,1.0,0.0,0.0
000000458410.jpg,0.0,0.0,0.0,0.0,0.0,0.0
000000459396.jpg,1.0,1.0,0.0,0.0,0.0,0.0
000000459467.jpg,0.0,0.0,1.0,1.0,0.0,0.0
000000459500.jpg,0.0,0.0,0.0,0.0,0.0,0.0
000000459757.jpg,0.0,0.0,0.0,0.0,0.0,0.0
000000460229.jpg,1.0,0.5,1.0,0.5,0.0,0.0
000000460927.jpg,0.0,0.0,0.0,0.0,0.0,0.0
000000460929.jpg,0.0,0.0,0.0,0.0,0.0,0.0
000000461036.jpg,0.0,0.0,0.0,0.0,0.0,0.0
000000461573.jpg,1.0,1.0,0.0,0.0,0.0,0.0
000000462629.jpg,0.5,1.0,0.0,0.0,0.0,0.0
000000462756.jpg,0.5,0.5,0.0,0.0,0.0,0.0
000000463037.jpg,0.5,1.0,1.0,1.0,0.0,0.0
000000463527.jpg,1.0,0.6666666666666666,0.0,0.0,0.0,0.0
000000463647.jpg,0.0,0.0,0.0,0.0,0.0,0.0
000000464251.jpg,0.0,0.0,0.0,0.0,0.0,0.0
000000464358.jpg,0.0,0.0,0.0,0.0,0.0,0.0
000000464522.jpg,0.0,0.0,0.0,0.0,0.0,0.0
000000464872.jpg,1.0,1.0,1.0,1.0,0.0,0.0
000000465430.jpg,0.5,0.5,0.0,0.0,0.0,0.0
000000465675.jpg,0.0,0.0,0.0,0.0,0.0,0.0
000000466156.jpg,0.0,0.0,0.0,0.0,0.0,0.0
000000466256.jpg,1.0,1.0,1.0,0.5,0.0,0.0
000000466339.jpg,0.0,0.0,0.0,0.0,0.0,0.0
000000466567.jpg,0.0,0.0,0.0,0.0,0.0,0.0
000000467776.jpg,0.0,0.0,0.0,0.0,0.0,0.0
000000468245.jpg,1.0,1.0,1.0,1.0,0.0,0.0
000000469652.jpg,0.0,0.0,0.0,0.0,0.0,0.0
000000470121.jpg,1.0,0.3333333333333333,1.0,0.3333333333333333,0.0,0.0
000000472375.jpg,0.0,0.0,0.0,0.0,0.0,0.0
000000473821.jpg,1.0,1.0,1.0,1.0,0.0,0.0
000000473974.jpg,1.0,1.0,1.0,1.0,0.0,0.0
000000474164.jpg,0.0,0.0,0.0,0.0,0.0,0.0
000000474881.jpg,0.0,0.0,0.0,0.0,0.0,0.0
000000475150.jpg,1.0,1.0,1.0,1.0,0.0,0.0
000000475223.jpg,0.0,0.0,0.0,0.0,0.0,0.0
000000475732.jpg,1.0,1.0,0.0,0.0,0.0,0.0
000000475779.jpg,0.5,1.0,0.0,0.0,0.0,0.0
000000475904.jpg,0.0,0.0,0.0,0.0,0.0,0.0
000000476704.jpg,1.0,1.0,0.0,0.0,0.0,0.0
000000476787.jpg,0.5,0.5,0.0,0.0,0.0,0.0
000000476810.jpg,1.0,0.3333333333333333,0.0,0.0,0.0,0.0
000000478136.jpg,0.0,0.0,0.0,0.0,0.0,0.0
000000478393.jpg,1.0,0.3333333333333333,1.0,0.3333333333333333,0.0,0.0
000000478474.jpg,1.0,1.0,0.0,0.0,0.0,0.0
000000479732.jpg,0.0,0.0,0.0,0.0,0.0,0.0
000000480212.jpg,0.0,0.0,0.0,0.0,0.0,0.0
000000480842.jpg,1.0,1.0,1.0,1.0,0.0,0.0
000000481159.jpg,0.0,0.0,0.0,0.0,0.0,0.0
000000482100.jpg,1.0,1.0,0.0,0.0,0.0,0.0
000000482477.jpg,1.0,1.0,0.0,0.0,0.0,0.0
000000482970.jpg,0.0,0.0,0.0,0.0,0.0,0.0
000000483050.jpg,1.0,1.0,0.5,1.0,0.0,0.0
000000483531.jpg,1.0,1.0,1.0,1.0,0.0,0.0
000000484029.jpg,1.0,1.0,1.0,1.0,0.0,0.0
000000484296.jpg,1.0,1.0,0.0,0.0,0.0,0.0
000000485130.jpg,0.0,0.0,1.0,0.5,0.0,0.0
000000485237.jpg,0.0,0.0,0.0,0.0,0.0,0.0
000000485895.jpg,1.0,1.0,0.0,0.0,0.0,0.0
000000485972.jpg,0.5,0.3333333333333333,1.0,0.3333333333333333,0.0,0.0
000000486040.jpg,0.0,0.0,0.0,0.0,0.0,0.0
000000486046.jpg,1.0,1.0,1.0,1.0,0.0,0.0
000000486479.jpg,1.0,0.5,0.0,0.0,0.0,0.0
000000486573.jpg,0.5,1.0,0.0,0.0,0.0,0.0
000000487583.jpg,0.0,0.0,0.0,0.0,0.0,0.0
000000488075.jpg,0.0,0.0,0.0,0.0,0.0,0.0
000000488385.jpg,1.0,1.0,0.0,0.0,0.0,0.0
000000488736.jpg,1.0,1.0,0.0,0.0,0.0,0.0
000000490413.jpg,0.0,0.0,1.0,1.0,0.0,0.0
000000490470.jpg,1.0,1.0,0.0,0.0,0.0,0.0
000000491497.jpg,0.0,0.0,0.0,0.0,0.0,0.0
000000491613.jpg,0.0,0.0,0.0,0.0,0.0,0.0
000000491757.jpg,0.0,0.0,0.0,0.0,0.0,0.0
000000492992.jpg,0.0,0.0,0.0,0.0,0.0,0.0
000000493019.jpg,1.0,1.0,1.0,1.0,0.0,0.0
000000493284.jpg,1.0,1.0,0.0,0.0,0.0,0.0
000000493334.jpg,0.0,0.0,0.0,0.0,0.0,0.0
000000493613.jpg,0.0,0.0,0.0,0.0,0.0,0.0
000000493799.jpg,0.5,0.5,1.0,0.5,0.0,0.0
000000494427.jpg,0.6666666666666666,1.0,0.0,0.0,0.0,0.0
000000494634.jpg,0.0,0.0,0.5,0.5,0.0,0.0
000000495054.jpg,1.0,1.0,1.0,1.0,0.0,0.0
000000495448.jpg,0.0,0.0,0.0,0.0,0.0,0.0
000000497628.jpg,1.0,0.5,0.0,0.0,0.0,0.0
000000498286.jpg,0.0,0.0,0.0,0.0,0.0,0.0
000000498463.jpg,1.0,1.0,1.0,1.0,0.0,0.0
000000498709.jpg,0.0,0.0,0.0,0.0,0.0,0.0
000000498857.jpg,1.0,1.0,1.0,1.0,0.0,0.0
000000499109.jpg,0.0,0.0,0.0,0.0,0.0,0.0
000000499313.jpg,1.0,1.0,1.0,1.0,0.0,0.0
000000499768.jpg,0.5,1.0,0.0,0.0,0.0,0.0
000000499775.jpg,1.0,1.0,0.0,0.0,0.0,0.0
000000500049.jpg,1.0,1.0,1.0,1.0,0.0,0.0
000000500613.jpg,1.0,1.0,0.0,0.0,0.0,0.0
000000501243.jpg,1.0,1.0,1.0,1.0,0.0,0.0
000000502599.jpg,0.0,0.0,0.0,0.0,0.0,0.0
000000502732.jpg,0.0,0.0,0.0,0.0,0.0,0.0
000000503823.jpg,0.0,0.0,0.0,0.0,0.0,0.0
000000504439.jpg,1.0,1.0,0.0,0.0,0.0,0.0
000000504580.jpg,1.0,1.0,1.0,1.0,0.0,0.0
000000504635.jpg,0.5,1.0,0.0,0.0,0.0,0.0
000000504711.jpg,0.5,0.5,0.0,0.0,0.0,0.0
000000505565.jpg,0.0,0.0,0.0,0.0,0.0,0.0
000000506279.jpg,0.0,0.0,0.0,0.0,0.0,0.0
000000506310.jpg,0.0,0.0,0.0,0.0,0.0,0.0
000000507042.jpg,0.0,0.0,0.0,0.0,0.0,0.0
000000507081.jpg,0.0,0.0,0.0,0.0,0.0,0.0
000000507235.jpg,0.3333333333333333,0.5,0.5,0.5,0.0,0.0
000000508586.jpg,1.0,1.0,1.0,1.0,0.0,0.0
000000508602.jpg,0.0,0.0,0.0,0.0,0.0,0.0
000000508639.jpg,0.0,0.0,0.0,0.0,0.0,0.0
000000509008.jpg,1.0,1.0,0.0,0.0,0.0,0.0
000000509656.jpg,1.0,1.0,0.5,1.0,0.0,0.0
000000509699.jpg,0.0,0.0,0.0,0.0,0.0,0.0
000000509719.jpg,1.0,1.0,0.0,0.0,0.0,0.0
000000509735.jpg,1.0,0.5,1.0,1.0,0.0,0.0
000000509824.jpg,0.0,0.0,0.0,0.0,0.0,0.0
000000511321.jpg,0.5,1.0,0.0,0.0,0.0,0.0
000000511398.jpg,1.0,1.0,0.0,0.0,0.0,0.0
000000511453.jpg,0.3333333333333333,1.0,0.0,0.0,0.0,0.0
000000512194.jpg,1.0,1.0,0.0,0.0,0.0,0.0
000000512403.jpg,0.0,0.0,0.0,0.0,0.0,0.0
000000513484.jpg,1.0,1.0,0.0,0.0,0.0,0.0
000000513688.jpg,0.0,0.0,0.0,0.0,0.0,0.0
000000514376.jpg,1.0,1.0,0.0,0.0,0.0,0.0
000000514979.jpg,0.0,0.0,0.0,0.0,0.0,0.0
000000515266.jpg,0.5,0.5,0.0,0.0,0.0,0.0
000000516916.jpg,0.5,0.5,0.0,0.0,0.0,0.0
000000517523.jpg,0.0,0.0,0.0,0.0,0.0,0.0
000000517687.jpg,1.0,0.5,0.0,0.0,0.0,0.0
000000517832.jpg,0.0,0.0,0.0,0.0,0.0,0.0
000000518213.jpg,1.0,1.0,0.0,0.0,0.0,0.0
000000519039.jpg,0.0,0.0,0.0,0.0,0.0,0.0
000000519569.jpg,0.0,0.0,0.0,0.0,0.0,0.0
000000519611.jpg,1.0,1.0,0.0,0.0,0.0,0.0
000000519764.jpg,0.3333333333333333,0.5,0.5,0.5,0.0,0.0
000000520301.jpg,0.0,0.0,0.0,0.0,0.0,0.0
000000520871.jpg,0.3333333333333333,0.5,1.0,1.0,0.0,0.0
000000521052.jpg,0.0,0.0,0.0,0.0,0.0,0.0
000000521231.jpg,1.0,1.0,0.0,0.0,0.0,0.0
000000521282.jpg,1.0,1.0,1.0,1.0,0.0,0.0
000000521601.jpg,0.0,0.0,0.0,0.0,0.0,0.0
000000521719.jpg,0.0,0.0,0.0,0.0,0.0,0.0
000000522156.jpg,0.0,0.0,0.0,0.0,0.0,0.0
000000522638.jpg,0.0,0.0,0.0,0.0,0.0,0.0
000000522751.jpg,0.0,0.0,0.0,0.0,0.0,0.0
000000522940.jpg,1.0,1.0,1.0,1.0,0.0,0.0
000000523175.jpg,1.0,0.6666666666666666,0.5,0.3333333333333333,0.0,0.0
000000523229.jpg,0.0,0.0,0.0,0.0,0.0,0.0
000000523782.jpg,1.0,1.0,0.0,0.0,0.0,0.0
000000524280.jpg,0.0,0.0,0.0,0.0,0.0,0.0
000000525247.jpg,0.0,0.0,0.0,0.0,0.0,0.0
000000525286.jpg,0.0,0.0,0.0,0.0,0.0,0.0
000000525322.jpg,1.0,1.0,1.0,1.0,0.0,0.0
000000525600.jpg,1.0,1.0,1.0,1.0,0.0,0.0
000000526103.jpg,1.0,1.0,0.0,0.0,0.0,0.0
000000526197.jpg,0.0,0.0,0.0,0.0,0.0,0.0
000000526392.jpg,0.0,0.0,0.0,0.0,0.0,0.0
000000526706.jpg,1.0,1.0,0.0,0.0,0.0,0.0
000000526751.jpg,0.0,0.0,0.0,0.0,0.0,0.0
000000527220.jpg,0.0,0.0,0.0,0.0,0.0,0.0
000000527784.jpg,0.6666666666666666,1.0,1.0,1.0,0.0,0.0
000000527960.jpg,0.0,0.0,0.0,0.0,0.0,0.0
000000528524.jpg,0.0,0.0,0.0,0.0,0.0,0.0
000000528980.jpg,0.0,0.0,0.0,0.0,0.0,0.0
000000529105.jpg,0.0,0.0,0.0,0.0,0.0,0.0
000000529528.jpg,0.0,0.0,0.0,0.0,0.0,0.0
000000530099.jpg,0.5,0.5,0.0,0.0,0.0,0.0
000000530146.jpg,0.5,0.5,0.5,0.5,0.0,0.0
000000530457.jpg,0.0,0.0,0.0,0.0,0.0,0.0
000000530624.jpg,1.0,0.5,0.0,0.0,0.0,0.0
000000531771.jpg,0.0,0.0,0.0,0.0,0.0,0.0
000000532071.jpg,0.0,0.0,0.0,0.0,0.0,0.0
000000532129.jpg,1.0,1.0,1.0,1.0,0.0,0.0
000000532575.jpg,0.0,0.0,0.0,0.0,0.0,0.0
000000532761.jpg,0.0,0.0,0.5,0.3333333333333333,0.0,0.0
000000532901.jpg,0.0,0.0,0.0,0.0,0.0,0.0
000000533206.jpg,0.0,0.0,0.0,0.0,0.0,0.0
000000533536.jpg,0.0,0.0,0.0,0.0,0.0,0.0
000000533855.jpg,0.0,0.0,0.0,0.0,0.0,0.0
000000534601.jpg,0.0,0.0,0.0,0.0,0.0,0.0
000000535156.jpg,1.0,1.0,1.0,1.0,0.0,0.0
000000536073.jpg,0.0,0.0,0.0,0.0,0.0,0.0
000000536947.jpg,0.0,0.0,0.0,0.0,0.0,0.0
000000537053.jpg,1.0,1.0,1.0,1.0,0.0,0.0
000000537241.jpg,0.0,0.0,0.0,0.0,0.0,0.0
000000537672.jpg,0.0,0.0,0.0,0.0,0.0,0.0
000000537802.jpg,0.0,0.0,0.0,0.0,0.0,0.0
000000537812.jpg,0.0,0.0,0.0,0.0,0.0,0.0
000000537964.jpg,0.0,0.0,0.0,0.0,0.0,0.0
000000540280.jpg,1.0,1.0,0.0,0.0,0.0,0.0
000000540928.jpg,0.0,0.0,0.0,0.0,0.0,0.0
000000540962.jpg,0.0,0.0,0.5,1.0,0.0,0.0
000000541664.jpg,0.0,0.0,0.0,0.0,0.0,0.0
000000542625.jpg,0.0,0.0,0.0,0.0,0.0,0.0
000000543043.jpg,0.0,0.0,0.0,0.0,0.0,0.0
000000543300.jpg,1.0,1.0,0.0,0.0,0.0,0.0
000000543528.jpg,1.0,1.0,0.0,0.0,0.0,0.0
000000543581.jpg,1.0,1.0,0.5,1.0,0.0,0.0
000000544052.jpg,0.0,0.0,0.0,0.0,0.0,0.0
000000545129.jpg,1.0,1.0,0.0,0.0,0.0,0.0
000000545407.jpg,1.0,1.0,1.0,1.0,0.0,0.0
000000545826.jpg,0.5,0.5,0.0,0.0,0.0,0.0
000000545958.jpg,0.0,0.0,0.0,0.0,0.0,0.0
000000546011.jpg,0.0,0.0,1.0,1.0,0.0,0.0
000000546325.jpg,0.0,0.0,0.0,0.0,0.0,0.0
000000546556.jpg,0.0,0.0,0.0,0.0,0.0,0.0
000000546626.jpg,0.0,0.0,0.5,0.3333333333333333,0.0,0.0
000000546826.jpg,0.0,0.0,0.0,0.0,0.0,0.0
000000546829.jpg,1.0,1.0,0.0,0.0,0.0,0.0
000000547383.jpg,1.0,1.0,0.0,0.0,0.0,0.0
000000547502.jpg,0.5,1.0,0.0,0.0,0.0,0.0
000000547519.jpg,1.0,1.0,0.0,0.0,0.0,0.0
000000549674.jpg,1.0,1.0,1.0,0.5,0.0,0.0
000000550084.jpg,0.5,1.0,0.0,0.0,0.0,0.0
000000550426.jpg,1.0,1.0,0.5,1.0,0.0,0.0
000000550797.jpg,1.0,1.0,0.0,0.0,0.0,0.0
000000551304.jpg,0.0,0.0,1.0,1.0,0.0,0.0
000000551780.jpg,0.0,0.0,0.0,0.0,0.0,0.0
000000551815.jpg,0.0,0.0,0.0,0.0,0.0,0.0
000000551822.jpg,1.0,0.25,0.5,0.25,0.0,0.0
000000552371.jpg,1.0,1.0,0.0,0.0,0.0,0.0
000000552902.jpg,1.0,1.0,1.0,1.0,0.0,0.0
000000553094.jpg,1.0,1.0,0.0,0.0,0.0,0.0
000000554838.jpg,1.0,1.0,0.0,0.0,0.0,0.0
000000555005.jpg,0.0,0.0,0.0,0.0,0.0,0.0
000000555009.jpg,1.0,0.3333333333333333,1.0,0.3333333333333333,0.0,0.0
000000555012.jpg,0.0,0.0,0.0,0.0,0.0,0.0
000000555412.jpg,1.0,1.0,0.0,0.0,0.0,0.0
000000555705.jpg,0.0,0.0,0.0,0.0,0.0,0.0
000000555972.jpg,0.0,0.0,0.0,0.0,0.0,0.0
000000556765.jpg,1.0,1.0,0.0,0.0,0.0,0.0
000000556873.jpg,0.0,0.0,0.0,0.0,0.0,0.0
000000557258.jpg,1.0,1.0,0.0,0.0,0.0,0.0
000000557884.jpg,0.0,0.0,0.0,0.0,0.0,0.0
000000558073.jpg,1.0,1.0,0.0,0.0,0.0,0.0
000000559513.jpg,0.0,0.0,0.0,0.0,0.0,0.0
000000560011.jpg,0.6666666666666666,0.6666666666666666,0.0,0.0,0.0,0.0
000000560266.jpg,1.0,1.0,0.0,0.0,0.0,0.0
000000560279.jpg,0.0,0.0,0.0,0.0,0.0,0.0
000000560312.jpg,1.0,1.0,0.0,0.0,0.0,0.0
000000561009.jpg,0.0,0.0,0.0,0.0,0.0,0.0
000000561335.jpg,0.0,0.0,0.0,0.0,0.0,0.0
000000561366.jpg,1.0,0.5,0.0,0.0,0.0,0.0
000000561465.jpg,0.0,0.0,1.0,0.3333333333333333,0.0,0.0
000000562121.jpg,0.0,0.0,0.0,0.0,0.0,0.0
000000562443.jpg,1.0,1.0,1.0,1.0,0.0,0.0
000000562561.jpg,0.0,0.0,0.0,0.0,0.0,0.0
000000562843.jpg,0.0,0.0,0.0,0.0,0.0,0.0
000000563603.jpg,1.0,1.0,0.0,0.0,0.0,0.0
000000563758.jpg,0.0,0.0,0.0,0.0,0.0,0.0
000000564127.jpg,1.0,1.0,0.0,0.0,0.0,0.0
000000564133.jpg,1.0,1.0,0.0,0.0,0.0,0.0
000000564280.jpg,0.5,0.5,0.0,0.0,0.0,0.0
000000565391.jpg,0.0,0.0,0.0,0.0,0.0,0.0
000000565597.jpg,0.0,0.0,1.0,0.5,0.0,0.0
000000565607.jpg,0.0,0.0,0.0,0.0,0.0,0.0
000000565624.jpg,0.0,0.0,0.0,0.0,0.0,0.0
000000566758.jpg,1.0,1.0,0.0,0.0,0.0,0.0
000000567432.jpg,1.0,1.0,0.0,0.0,0.0,0.0
000000567825.jpg,0.0,0.0,0.0,0.0,0.0,0.0
000000568690.jpg,1.0,0.5,0.0,0.0,0.0,0.0
000000569565.jpg,1.0,1.0,0.0,0.0,0.0,0.0
000000569700.jpg,0.0,0.0,0.0,0.0,0.0,0.0
000000570169.jpg,0.0,0.0,0.0,0.0,0.0,0.0
000000570782.jpg,0.0,0.0,0.0,0.0,0.0,0.0
000000571008.jpg,1.0,1.0,1.0,1.0,0.0,0.0
000000571313.jpg,0.0,0.0,0.0,0.0,0.0,0.0
000000571943.jpg,1.0,1.0,0.0,0.0,0.0,0.0
000000572388.jpg,0.0,0.0,0.0,0.0,0.0,0.0
000000572408.jpg,0.0,0.0,0.0,0.0,0.0,0.0
000000572517.jpg,0.0,0.0,0.0,0.0,0.0,0.0
000000572678.jpg,0.0,0.0,1.0,0.5,0.0,0.0
000000573094.jpg,1.0,0.6666666666666666,0.0,0.0,0.0,0.0
000000574425.jpg,0.0,0.0,0.0,0.0,0.0,0.0
000000574810.jpg,1.0,1.0,0.0,0.0,0.0,0.0
000000575205.jpg,0.0,0.0,0.0,0.0,0.0,0.0
000000575357.jpg,0.0,0.0,0.0,0.0,0.0,0.0
000000575815.jpg,1.0,1.0,0.0,0.0,0.0,0.0
000000577149.jpg,1.0,1.0,1.0,1.0,0.0,0.0
000000577182.jpg,1.0,1.0,0.0,0.0,0.0,0.0
000000577584.jpg,0.5,1.0,0.0,0.0,0.0,0.0
000000577735.jpg,0.5,0.5,0.0,0.0,0.0,0.0
000000577862.jpg,0.0,0.0,1.0,1.0,0.0,0.0
000000578500.jpg,0.0,0.0,1.0,1.0,0.0,0.0
000000578922.jpg,0.0,0.0,0.0,0.0,0.0,0.0
000000579158.jpg,0.5,1.0,0.0,0.0,0.0,0.0
000000579893.jpg,0.0,0.0,0.0,0.0,0.0,0.0
000000579970.jpg,0.0,0.0,0.0,0.0,0.0,0.0
000000580410.jpg,0.0,0.0,1.0,1.0,0.0,0.0
000000580757.jpg,0.0,0.0,0.0,0.0,0.0,0.0
000000581100.jpg,0.5,1.0,1.0,1.0,0.0,0.0
000000581615.jpg,1.0,1.0,1.0,1.0,0.0,0.0
